,Batch_overall,Original.Order,ROSMAP.MulticonsensusStudyFileID,TMTquantMS2or3,projid.ROSMAP,study.ROSMAP,scaled_to.ROSMAP,apoe_genotype,ApoE4.Dose,ApoE.Risk,age_first_ad_dx,cogdx,cogdx_stroke,dxpark,cogn_global_lv,cts_mmse30_lv,age_death,educ,msex,race7,braaksc,ceradsc_RADCnonStd,gpath,niareagansc,pmi,amyloid,amyloid_mf,dlbdx,mglia123_mf,mglia23_mf,mglia3_mf,nft,tangles,tangles_mf,tdp_cs_6reg,tdp_st4,brainwt,CERAD,JohnsonDiagnosis,CaseID.Banner,LFQ.ID.Banner,PlaqueTotal.Banner,SNCA.P37840,TARDBP.Q13148,Abeta.6.28..2.peptide..MS.Relative.Quantification,MAPT.Microtubule.Binding.Repeats..MTBR..Region.MS.Relative.Quantification,MAPT.deltaMTBR..3.isoforms.with.MTBR.removed.from.sequence..Summed.Signal,MTBR.deltaMTBR.Ratio,Cohort,Outlier,OutlierRemovedWhen,GIS,Batch,BatchColor
bnnr_b01.127N,bnnr_b01,2,NA,MS2,NA,NA,NA,e24,1,0,NA,NA,NA,NA,NA,24,103,NA,0,NA,4,NA,NA,NA,3,NA,NA,NA,NA,NA,NA,NA,NA,NA,NA,NA,NA,1,AsymAD,Feb-36,b1_113_17,10.25,16.6188842,13.35315684,14.38571904,16.14003618,16.73918063,-0.599144454,Banner,FALSE,NA,NA,bnnr,turquoise
bnnr_b01.127C,bnnr_b01,3,NA,MS2,NA,NA,NA,e33,0,0,NA,NA,NA,NA,NA,16,86,NA,0,NA,4,NA,NA,NA,2.5,NA,NA,NA,NA,NA,NA,NA,NA,NA,NA,NA,NA,3,AD,Jul-34,b3_046_61,11.5,16.7079096,13.26472967,13.71996794,16.28636502,16.9441922,-0.657827177,Banner,FALSE,NA,NA,bnnr,turquoise
bnnr_b01.128N,bnnr_b01,4,NA,MS2,NA,NA,NA,e23,0,-1,NA,NA,NA,NA,NA,30,84,NA,1,NA,2,NA,NA,NA,4.25,NA,NA,NA,NA,NA,NA,NA,NA,NA,NA,NA,NA,2,Exclude,19-Jun,b1_138_14,7,16.85979612,13.26425524,13.69322754,16.14870301,16.83011098,-0.681407979,Banner,NA,NA,NA,bnnr,turquoise
bnnr_b01.128C,bnnr_b01,5,NA,MS2,NA,NA,NA,e33,0,0,NA,NA,NA,NA,NA,28,91,NA,1,NA,3,NA,NA,NA,3.33,NA,NA,NA,NA,NA,NA,NA,NA,NA,NA,NA,NA,1,AsymAD,Mar-50,b2_117_10,4,16.68259008,13.3159135,12.79054736,16.21642697,16.84561541,-0.62918844,Banner,FALSE,NA,NA,bnnr,turquoise
bnnr_b01.129N,bnnr_b01,6,NA,MS2,NA,NA,NA,e34,1,1,NA,NA,NA,NA,NA,29,75,NA,0,NA,3,NA,NA,NA,2.75,NA,NA,NA,NA,NA,NA,NA,NA,NA,NA,NA,NA,0,Control,11-Jul,b1_148_37,0,16.66363696,13.31701033,12.64228814,16.119541,16.76096495,-0.641423944,Banner,FALSE,NA,GIS,bnnr,turquoise
bnnr_b01.129C,bnnr_b01,7,NA,MS2,NA,NA,NA,e34,1,1,NA,NA,NA,NA,NA,1,81,NA,1,NA,6,NA,NA,NA,2.83,NA,NA,NA,NA,NA,NA,NA,NA,NA,NA,NA,NA,3,AD,11-105,b2_074_09,15,16.72408034,13.3079457,14.56165348,16.9264309,17.00871386,-0.082282961,Banner,FALSE,NA,NA,bnnr,turquoise
bnnr_b01.130N,bnnr_b01,8,NA,MS2,NA,NA,NA,e33,0,0,NA,NA,NA,NA,NA,29,86,NA,1,NA,3,NA,NA,NA,2.8,NA,NA,NA,NA,NA,NA,NA,NA,NA,NA,NA,NA,2,AsymAD,Feb-38,b2_114_43,10.75,16.47766981,13.39379947,14.23670859,15.88824183,16.70423336,-0.815991533,Banner,FALSE,NA,NA,bnnr,turquoise
bnnr_b01.130C,bnnr_b01,9,NA,MS2,NA,NA,NA,e34,1,1,NA,NA,NA,NA,NA,22,81,NA,0,NA,4,NA,NA,NA,4,NA,NA,NA,NA,NA,NA,NA,NA,NA,NA,NA,NA,3,AD,Aug-89,b1_056_13,14,16.80341737,13.30735023,14.41090322,16.3274036,16.89382722,-0.566423623,Banner,FALSE,NA,NA,bnnr,turquoise
bnnr_b01.131N,bnnr_b01,10,NA,MS2,NA,NA,NA,e33,0,0,NA,NA,NA,NA,NA,24,88,NA,1,NA,4,NA,NA,NA,3.33,NA,NA,NA,NA,NA,NA,NA,NA,NA,NA,NA,NA,3,AsymAD,Nov-86,b2_188_26,12.5,16.73216707,13.35770225,14.47761723,16.20460065,16.91917302,-0.714572368,Banner,FALSE,NA,NA,bnnr,turquoise
bnnr_b02.127N,bnnr_b02,13,NA,MS2,NA,NA,NA,e34,1,1,NA,NA,NA,NA,NA,19,85,NA,1,NA,4,NA,NA,NA,2.5,NA,NA,NA,NA,NA,NA,NA,NA,NA,NA,NA,NA,3,AD,Jun-37,b3_035_51,12.5,16.67490406,13.34007561,14.24480443,15.80729326,16.64859076,-0.8412975,Banner,FALSE,NA,NA,bnnr,turquoise
bnnr_b02.127C,bnnr_b02,14,NA,MS2,NA,NA,NA,e23,0,-1,NA,NA,NA,NA,NA,5,74,NA,0,NA,6,NA,NA,NA,3,NA,NA,NA,NA,NA,NA,NA,NA,NA,NA,NA,NA,3,AD,Aug-41,b2_052_50,15,16.76669258,13.35442177,14.41612261,17.29849422,17.10772233,0.190771883,Banner,TRUE,PreRegression,NA,bnnr,turquoise
bnnr_b02.128N,bnnr_b02,15,NA,MS2,NA,NA,NA,e33,0,0,NA,NA,NA,NA,NA,30,77,NA,0,NA,2,NA,NA,NA,3,NA,NA,NA,NA,NA,NA,NA,NA,NA,NA,NA,NA,3,Exclude,Jun-32,b4_140_50,11.5,16.66644674,13.42683958,14.72821757,16.04696265,16.72521985,-0.678257205,Banner,NA,NA,NA,bnnr,turquoise
bnnr_b02.128C,bnnr_b02,16,NA,MS2,NA,NA,NA,e34,1,1,NA,NA,NA,NA,NA,28,91,NA,1,NA,4,NA,NA,NA,3.27,NA,NA,NA,NA,NA,NA,NA,NA,NA,NA,NA,NA,0,Exclude,Oct-42,b3_170_13,0,16.85460639,13.3092507,13.33976531,16.20452897,16.8427263,-0.638197333,Banner,NA,NA,NA,bnnr,turquoise
bnnr_b02.129N,bnnr_b02,17,NA,MS2,NA,NA,NA,e34,1,1,NA,NA,NA,NA,NA,17,85,NA,1,NA,5,NA,NA,NA,3.5,NA,NA,NA,NA,NA,NA,NA,NA,NA,NA,NA,NA,3,AD,14-06,b2_099_32,14,16.68560051,13.31573856,14.24469282,16.4944554,16.86887645,-0.374421053,Banner,TRUE,PreRegression,NA,bnnr,turquoise
bnnr_b02.129C,bnnr_b02,18,NA,MS2,NA,NA,NA,e33,0,0,NA,NA,NA,NA,NA,29,99,NA,0,NA,3,NA,NA,NA,3.5,NA,NA,NA,NA,NA,NA,NA,NA,NA,NA,NA,NA,0,Control,20-Sep,b4_164_31,0,16.92176137,13.33231288,12.6708725,16.18704809,16.84635226,-0.65930417,Banner,FALSE,NA,GIS,bnnr,turquoise
bnnr_b02.130N,bnnr_b02,19,NA,MS2,NA,NA,NA,e34,1,1,NA,NA,NA,NA,NA,3,75,NA,1,NA,5,NA,NA,NA,3.83,NA,NA,NA,NA,NA,NA,NA,NA,NA,NA,NA,NA,3,AD,13-66,b3_097_41,15,16.86711399,13.3159329,14.33543993,16.45274586,16.88875366,-0.436007802,Banner,FALSE,NA,NA,bnnr,turquoise
bnnr_b02.130C,bnnr_b02,20,NA,MS2,NA,NA,NA,e33,0,0,NA,NA,NA,NA,NA,10,80,NA,0,NA,5,NA,NA,NA,3,NA,NA,NA,NA,NA,NA,NA,NA,NA,NA,NA,NA,3,AD,Jun-58,b2_039_52,15,16.49006298,13.30764576,14.00459597,16.40268327,16.84608557,-0.443402299,Banner,FALSE,NA,NA,bnnr,turquoise
bnnr_b02.131N,bnnr_b02,21,NA,MS2,NA,NA,NA,e33,0,0,NA,NA,NA,NA,NA,23,90,NA,1,NA,4,NA,NA,NA,5,NA,NA,NA,NA,NA,NA,NA,NA,NA,NA,NA,NA,3,AD,Oct-57,b2_171_25,14,16.70747842,13.31284401,14.08530158,16.08670835,16.80197123,-0.715262883,Banner,FALSE,NA,NA,bnnr,turquoise
bnnr_b03.127N,bnnr_b03,24,NA,MS2,NA,NA,NA,e33,0,0,NA,NA,NA,NA,NA,29,79,NA,1,NA,2,NA,NA,NA,3,NA,NA,NA,NA,NA,NA,NA,NA,NA,NA,NA,NA,0,Control,Oct-63,b4_172_40,0,16.80244663,13.3155704,12.44415121,16.26902477,17.05739404,-0.788369263,Banner,FALSE,NA,GIS,bnnr,turquoise
bnnr_b03.127C,bnnr_b03,25,NA,MS2,NA,NA,NA,e33,0,0,NA,NA,NA,NA,NA,28,97,NA,0,NA,3,NA,NA,NA,3.5,NA,NA,NA,NA,NA,NA,NA,NA,NA,NA,NA,NA,2,AsymAD,Sep-44,b3_166_48,8,16.75242237,13.33223029,14.30069284,16.20452836,16.8465044,-0.641976039,Banner,FALSE,NA,NA,bnnr,turquoise
bnnr_b03.128N,bnnr_b03,26,NA,MS2,NA,NA,NA,e34,1,1,NA,NA,NA,NA,NA,22,94,NA,0,NA,5,NA,NA,NA,2.43,NA,NA,NA,NA,NA,NA,NA,NA,NA,NA,NA,NA,3,AD,13-50,b4_095_18,12.5,16.72914732,13.43538634,14.45307112,16.2283657,16.84423202,-0.615866327,Banner,FALSE,NA,NA,bnnr,turquoise
bnnr_b03.128C,bnnr_b03,27,NA,MS2,NA,NA,NA,e33,0,0,NA,NA,NA,NA,NA,29,100,NA,1,NA,4,NA,NA,NA,2.5,NA,NA,NA,NA,NA,NA,NA,NA,NA,NA,NA,NA,2,AsymAD,Jun-61,b3_144_34,14,16.70791755,13.3159407,14.21337442,16.11795196,16.83173505,-0.713783091,Banner,FALSE,NA,NA,bnnr,turquoise
bnnr_b03.129N,bnnr_b03,28,NA,MS2,NA,NA,NA,e34,1,1,NA,NA,NA,NA,NA,14,74,NA,1,NA,6,NA,NA,NA,2.58,NA,NA,NA,NA,NA,NA,NA,NA,NA,NA,NA,NA,3,AD,13-10,b1_089_39,14,16.61225807,13.3193514,14.28508431,16.18715557,16.73627516,-0.549119591,Banner,FALSE,NA,NA,bnnr,turquoise
bnnr_b03.129C,bnnr_b03,29,NA,MS2,NA,NA,NA,e33,0,0,NA,NA,NA,NA,NA,28,95,NA,0,NA,3,NA,NA,NA,2.5,NA,NA,NA,NA,NA,NA,NA,NA,NA,NA,NA,NA,0,Control,26-Oct,b1_168_21,0,16.74163475,13.23586728,12.58409952,16.18044012,16.80571531,-0.625275188,Banner,FALSE,NA,GIS,bnnr,turquoise
bnnr_b03.130N,bnnr_b03,30,NA,MS2,NA,NA,NA,e33,0,0,NA,NA,NA,NA,NA,8,101,NA,0,NA,6,NA,NA,NA,1.85,NA,NA,NA,NA,NA,NA,NA,NA,NA,NA,NA,NA,3,AD,14-Nov,b3_077_18,15,16.64873048,13.36423773,14.25266568,16.47758671,16.93425895,-0.456672241,Banner,FALSE,NA,NA,bnnr,turquoise
bnnr_b03.130C,bnnr_b03,31,NA,MS2,NA,NA,NA,e33,0,0,NA,NA,NA,NA,NA,27,94,NA,1,NA,4,NA,NA,NA,3.5,NA,NA,NA,NA,NA,NA,NA,NA,NA,NA,NA,NA,3,AsymAD,26-Jul,b1_150_04,15,16.54611561,13.27188982,14.00562874,16.11379991,16.73823317,-0.624433254,Banner,FALSE,NA,NA,bnnr,turquoise
bnnr_b03.131N,bnnr_b03,32,NA,MS2,NA,NA,NA,e34,1,1,NA,NA,NA,NA,NA,16,78,NA,1,NA,4,NA,NA,NA,3.33,NA,NA,NA,NA,NA,NA,NA,NA,NA,NA,NA,NA,3,AD,Oct-67,b4_069_41,14,16.65178729,13.30424803,14.24352189,16.20655419,16.91737109,-0.710816905,Banner,FALSE,NA,NA,bnnr,turquoise
bnnr_b04.127N,bnnr_b04,35,NA,MS2,NA,NA,NA,e33,0,0,NA,NA,NA,NA,NA,26,71,NA,1,NA,1,NA,NA,NA,3,NA,NA,NA,NA,NA,NA,NA,NA,NA,NA,NA,NA,0,Control,Aug-55,b1_158_40,0,16.7713301,13.36805816,12.99899538,16.11281158,16.67761849,-0.564806908,Banner,FALSE,NA,GIS,bnnr,turquoise
bnnr_b04.127C,bnnr_b04,36,NA,MS2,NA,NA,NA,e33,0,0,NA,NA,NA,NA,NA,29,80,NA,0,NA,3,NA,NA,NA,2,NA,NA,NA,NA,NA,NA,NA,NA,NA,NA,NA,NA,2,AsymAD,4-Feb,b1_109_06,1.75,16.71645268,13.35846928,13.12715439,16.15753536,16.70591114,-0.54837578,Banner,FALSE,NA,NA,bnnr,turquoise
bnnr_b04.128N,bnnr_b04,37,NA,MS2,NA,NA,NA,e34,1,1,NA,NA,NA,NA,NA,3,79,NA,1,NA,5,NA,NA,NA,3.92,NA,NA,NA,NA,NA,NA,NA,NA,NA,NA,NA,NA,3,AD,Jun-48,b3_037_04,13,16.59416987,13.26613461,14.86034995,16.30976857,16.7527769,-0.443008334,Banner,FALSE,NA,NA,bnnr,turquoise
bnnr_b04.128C,bnnr_b04,38,NA,MS2,NA,NA,NA,e33,0,0,NA,NA,NA,NA,NA,19,74,NA,0,NA,5,NA,NA,NA,5,NA,NA,NA,NA,NA,NA,NA,NA,NA,NA,NA,NA,3,AD,23-Oct,b4_065_37,9.5,16.70790958,13.28665366,13.65705956,16.4758731,16.88713232,-0.41125922,Banner,FALSE,NA,NA,bnnr,turquoise
bnnr_b04.129N,bnnr_b04,39,NA,MS2,NA,NA,NA,e34,1,1,NA,NA,NA,NA,NA,0,66,NA,0,NA,6,NA,NA,NA,2.75,NA,NA,NA,NA,NA,NA,NA,NA,NA,NA,NA,NA,3,AD,9-Apr,b4_024_09,13.5,16.50234893,13.33716914,16.16818451,17.90602352,17.36451677,0.541506752,Banner,TRUE,PreRegression,NA,bnnr,turquoise
bnnr_b04.129C,bnnr_b04,40,NA,MS2,NA,NA,NA,e33,0,0,NA,NA,NA,NA,NA,30,88,NA,0,NA,3,NA,NA,NA,2.33,NA,NA,NA,NA,NA,NA,NA,NA,NA,NA,NA,NA,3,AsymAD,Jul-58,b4_154_52,12,16.71182446,13.27126247,13.23650575,16.17422973,16.84594415,-0.671714428,Banner,FALSE,NA,NA,bnnr,turquoise
bnnr_b04.130N,bnnr_b04,41,NA,MS2,NA,NA,NA,e44,2,2,NA,NA,NA,NA,NA,0,76,NA,1,NA,5,NA,NA,NA,4,NA,NA,NA,NA,NA,NA,NA,NA,NA,NA,NA,NA,3,AD,Mar-54,b1_022_41,11.75,16.5637801,13.31593415,17.07216402,16.97460017,16.94407127,0.0305289,Banner,TRUE,PreRegression,NA,bnnr,turquoise
bnnr_b04.130C,bnnr_b04,42,NA,MS2,NA,NA,NA,e34,1,1,NA,NA,NA,NA,NA,29,89,NA,1,NA,2,NA,NA,NA,2.5,NA,NA,NA,NA,NA,NA,NA,NA,NA,NA,NA,NA,2,Exclude,Mar-41,b3_116_20,5.25,16.77142604,13.33386578,14.23621284,16.20452822,16.87314053,-0.668612309,Banner,NA,NA,NA,bnnr,turquoise
bnnr_b04.131N,bnnr_b04,43,NA,MS2,NA,NA,NA,e33,0,0,NA,NA,NA,NA,NA,0,94,NA,1,NA,5,NA,NA,NA,3.75,NA,NA,NA,NA,NA,NA,NA,NA,NA,NA,NA,NA,3,AD,22-Feb,b3_009_25,12.25,16.6025234,13.27852707,15.18093618,16.16255267,16.79979319,-0.637240513,Banner,FALSE,NA,NA,bnnr,turquoise
bnnr_b05.127N,bnnr_b05,46,NA,MS2,NA,NA,NA,e33,0,0,NA,NA,NA,NA,NA,27,90,NA,0,NA,4,NA,NA,NA,1.83,NA,NA,NA,NA,NA,NA,NA,NA,NA,NA,NA,NA,2,AsymAD,Apr-64,b2_126_18,12.5,16.83901831,13.38357238,14.2727812,16.19410138,16.81899771,-0.624896332,Banner,FALSE,NA,NA,bnnr,turquoise
bnnr_b05.127C,bnnr_b05,47,NA,MS2,NA,NA,NA,e34,1,1,NA,NA,NA,NA,NA,23,82,NA,1,NA,4,NA,NA,NA,3,NA,NA,NA,NA,NA,NA,NA,NA,NA,NA,NA,NA,3,AD,May-39,b3_031_38,13.75,16.70790955,13.31593271,14.23590024,16.1959734,16.81126163,-0.615288234,Banner,FALSE,NA,NA,bnnr,turquoise
bnnr_b05.128N,bnnr_b05,48,NA,MS2,NA,NA,NA,e23,0,-1,NA,NA,NA,NA,NA,30,73,NA,1,NA,2,NA,NA,NA,2.5,NA,NA,NA,NA,NA,NA,NA,NA,NA,NA,NA,NA,1,Control,21-Jun,b1_139_48,5.5,16.85833349,13.26226122,13.28594598,16.17939383,16.8453985,-0.666004667,Banner,FALSE,NA,GIS,bnnr,turquoise
bnnr_b05.128C,bnnr_b05,49,NA,MS2,NA,NA,NA,e33,0,0,NA,NA,NA,NA,NA,29,92,NA,1,NA,3,NA,NA,NA,3.83,NA,NA,NA,NA,NA,NA,NA,NA,NA,NA,NA,NA,1,AsymAD,12-Feb,b3_110_08,1.33,16.53056396,13.23013678,12.93551018,15.77249364,16.7406121,-0.96811846,Banner,FALSE,NA,NA,bnnr,turquoise
bnnr_b05.129N,bnnr_b05,50,NA,MS2,NA,NA,NA,e33,0,0,NA,NA,NA,NA,NA,1,82,NA,0,NA,6,NA,NA,NA,3.08,NA,NA,NA,NA,NA,NA,NA,NA,NA,NA,NA,NA,3,AD,13-47,b3_094_28,14.5,16.70060249,13.27587031,14.75726763,16.43389939,16.96352345,-0.52962406,Banner,FALSE,NA,NA,bnnr,turquoise
bnnr_b05.129C,bnnr_b05,51,NA,MS2,NA,NA,NA,e34,1,1,NA,NA,NA,NA,NA,28,87,NA,1,NA,4,NA,NA,NA,2.25,NA,NA,NA,NA,NA,NA,NA,NA,NA,NA,NA,NA,2,AsymAD,Aug-35,b2_156_21,14,16.87956008,13.27293207,14.18285832,16.20452862,16.85866586,-0.654137243,Banner,FALSE,NA,NA,bnnr,turquoise
bnnr_b05.130N,bnnr_b05,52,NA,MS2,NA,NA,NA,e34,1,1,NA,NA,NA,NA,NA,22,85,NA,0,NA,5,NA,NA,NA,3.11,NA,NA,NA,NA,NA,NA,NA,NA,NA,NA,NA,NA,3,AD,13-46,b1_093_24,12,16.665967,13.38622704,15.09155503,16.4056469,16.83340593,-0.427759034,Banner,FALSE,NA,NA,bnnr,turquoise
bnnr_b05.130C,bnnr_b05,53,NA,MS2,NA,NA,NA,e33,0,0,NA,NA,NA,NA,NA,30,82,NA,0,NA,4,NA,NA,NA,2.5,NA,NA,NA,NA,NA,NA,NA,NA,NA,NA,NA,NA,0,Exclude,Oct-74,b1_174_29,0,16.759487,13.32565138,12.63172597,16.21506132,16.91799877,-0.702937447,Banner,NA,NA,NA,bnnr,turquoise
bnnr_b05.131N,bnnr_b05,54,NA,MS2,NA,NA,NA,e34,1,1,NA,NA,NA,NA,NA,4,91,NA,1,NA,5,NA,NA,NA,3.25,NA,NA,NA,NA,NA,NA,NA,NA,NA,NA,NA,NA,3,AD,00-10,b2_001_30,13,16.61564295,13.32717339,14.48052559,16.38512339,16.91588515,-0.530761762,Banner,FALSE,NA,NA,bnnr,turquoise
bnnr_b06.127N,bnnr_b06,57,NA,MS2,NA,NA,NA,e33,0,0,NA,NA,NA,NA,NA,28,85,NA,1,NA,4,NA,NA,NA,2.25,NA,NA,NA,NA,NA,NA,NA,NA,NA,NA,NA,NA,3,AsymAD,Feb-33,b1_112_43,8.5,16.83155554,13.29873795,13.98827055,16.13133874,16.78938019,-0.658041452,Banner,FALSE,NA,NA,bnnr,turquoise
bnnr_b06.127C,bnnr_b06,58,NA,MS2,NA,NA,NA,e33,0,0,NA,NA,NA,NA,NA,11,87,NA,1,NA,5,NA,NA,NA,5.33,NA,NA,NA,NA,NA,NA,NA,NA,NA,NA,NA,NA,3,AD,Apr-66,b4_029_19,14,16.54481625,13.40846497,13.92518929,16.27070832,16.86010815,-0.589399838,Banner,FALSE,NA,NA,bnnr,turquoise
bnnr_b06.128N,bnnr_b06,59,NA,MS2,NA,NA,NA,e33,0,0,NA,NA,NA,NA,NA,25,90,NA,0,NA,4,NA,NA,NA,2.45,NA,NA,NA,NA,NA,NA,NA,NA,NA,NA,NA,NA,3,AsymAD,Jul-52,b3_153_46,13.5,16.70832394,13.31593335,14.2620785,16.20452889,16.84540225,-0.640873359,Banner,FALSE,NA,NA,bnnr,turquoise
bnnr_b06.128C,bnnr_b06,60,NA,MS2,NA,NA,NA,e23,0,-1,NA,NA,NA,NA,NA,26,87,NA,0,NA,3,NA,NA,NA,2.5,NA,NA,NA,NA,NA,NA,NA,NA,NA,NA,NA,NA,2,AsymAD,15-Jun,b1_137_23,4.5,16.66985017,13.32740486,14.23502293,16.027599,16.67594003,-0.648341028,Banner,FALSE,NA,NA,bnnr,turquoise
bnnr_b06.129N,bnnr_b06,61,NA,MS2,NA,NA,NA,e34,1,1,NA,NA,NA,NA,NA,13,67,NA,1,NA,5,NA,NA,NA,2,NA,NA,NA,NA,NA,NA,NA,NA,NA,NA,NA,NA,3,AD,7-Mar,b4_015_30,11,16.57289324,13.28195799,14.53731673,16.95192381,16.96145069,-0.00952688,Banner,FALSE,NA,NA,bnnr,turquoise
bnnr_b06.129C,bnnr_b06,62,NA,MS2,NA,NA,NA,e33,0,0,NA,NA,NA,NA,NA,28,86,NA,1,NA,1,NA,NA,NA,4.75,NA,NA,NA,NA,NA,NA,NA,NA,NA,NA,NA,NA,0,Control,28-Jul,b2_151_31,0,16.67212159,13.23246403,12.63284961,16.10056188,16.77383456,-0.673272679,Banner,FALSE,NA,GIS,bnnr,turquoise
bnnr_b06.130N,bnnr_b06,63,NA,MS2,NA,NA,NA,e23,0,-1,NA,NA,NA,NA,NA,30,79,NA,0,NA,3,NA,NA,NA,2.22,NA,NA,NA,NA,NA,NA,NA,NA,NA,NA,NA,NA,1,AsymAD,28-Nov,b2_184_42,1,16.73701939,13.26426599,12.70261893,16.21559044,16.87254064,-0.656950203,Banner,FALSE,NA,NA,bnnr,turquoise
bnnr_b06.130C,bnnr_b06,64,NA,MS2,NA,NA,NA,e33,0,0,NA,NA,NA,NA,NA,24,90,NA,1,NA,5,NA,NA,NA,4.5,NA,NA,NA,NA,NA,NA,NA,NA,NA,NA,NA,NA,3,AsymAD,Oct-36,b4_066_08,15,16.71023645,13.35868405,14.4896408,16.56986215,17.03716751,-0.467305363,Banner,FALSE,NA,NA,bnnr,turquoise
bnnr_b06.131N,bnnr_b06,65,NA,MS2,NA,NA,NA,e34,1,1,NA,NA,NA,NA,NA,25,87,NA,0,NA,5,NA,NA,NA,2.66,NA,NA,NA,NA,NA,NA,NA,NA,NA,NA,NA,NA,3,AsymAD,10-Aug,b2_050_40,13,16.70791017,13.35180689,14.30311704,16.14644255,16.77291439,-0.626471848,Banner,FALSE,NA,NA,bnnr,turquoise
bnnr_b07.127N,bnnr_b07,68,NA,MS2,NA,NA,NA,e33,0,0,NA,NA,NA,NA,NA,30,96,NA,1,NA,4,NA,NA,NA,3,NA,NA,NA,NA,NA,NA,NA,NA,NA,NA,NA,NA,3,AsymAD,8-Nov,b1_181_05,13,16.80526918,13.32761108,12.38353905,16.11446388,16.84437394,-0.729910065,Banner,FALSE,NA,NA,bnnr,turquoise
bnnr_b07.127C,bnnr_b07,69,NA,MS2,NA,NA,NA,e33,0,0,NA,NA,NA,NA,NA,7,87,NA,0,NA,5,NA,NA,NA,2.33,NA,NA,NA,NA,NA,NA,NA,NA,NA,NA,NA,NA,3,AD,4-Mar,b4_013_45,11.75,16.68997469,13.28746657,14.89014114,16.79002839,16.9426565,-0.152628108,Banner,FALSE,NA,NA,bnnr,turquoise
bnnr_b07.128N,bnnr_b07,70,NA,MS2,NA,NA,NA,e33,0,0,NA,NA,NA,NA,NA,29,92,NA,1,NA,4,NA,NA,NA,1.92,NA,NA,NA,NA,NA,NA,NA,NA,NA,NA,NA,NA,0,Exclude,Nov-44,b2_186_15,0,16.77271886,13.31591356,12.4512155,16.2045091,16.77359013,-0.569081026,Banner,NA,NA,NA,bnnr,turquoise
bnnr_b07.128C,bnnr_b07,71,NA,MS2,NA,NA,NA,e34,1,1,NA,NA,NA,NA,NA,16,85,NA,1,NA,6,NA,NA,NA,3.58,NA,NA,NA,NA,NA,NA,NA,NA,NA,NA,NA,NA,3,AD,13-31,b3_091_37,13.5,16.61987906,13.28273786,14.5950052,16.20012076,16.81329215,-0.613171389,Banner,FALSE,NA,NA,bnnr,turquoise
bnnr_b07.129N,bnnr_b07,72,NA,MS2,NA,NA,NA,e33,0,0,NA,NA,NA,NA,NA,29,68,NA,0,NA,3,NA,NA,NA,2.6,NA,NA,NA,NA,NA,NA,NA,NA,NA,NA,NA,NA,0,Control,Aug-64,b3_159_24,0,16.70805284,13.28667477,12.44754531,16.15089508,16.78320212,-0.632307047,Banner,FALSE,NA,GIS,bnnr,turquoise
bnnr_b07.129C,bnnr_b07,73,NA,MS2,NA,NA,NA,e34,1,1,NA,NA,NA,NA,NA,4,77,NA,1,NA,6,NA,NA,NA,3.5,NA,NA,NA,NA,NA,NA,NA,NA,NA,NA,NA,NA,3,AD,16-Jul,b4_043_29,14,16.39147071,13.27599017,14.40901551,17.06902737,16.96479724,0.104230132,Banner,TRUE,PreRegression,NA,bnnr,turquoise
bnnr_b07.130N,bnnr_b07,74,NA,MS2,NA,NA,NA,e33,0,0,NA,NA,NA,NA,NA,29,80,NA,1,NA,4,NA,NA,NA,3.5,NA,NA,NA,NA,NA,NA,NA,NA,NA,NA,NA,NA,0,Exclude,25-Dec,b2_194_34,0,16.71968249,13.36084919,12.63801674,16.23273368,16.90843773,-0.675704054,Banner,NA,NA,NA,bnnr,turquoise
bnnr_b07.130C,bnnr_b07,75,NA,MS2,NA,NA,NA,e34,1,1,NA,NA,NA,NA,NA,27,88,NA,0,NA,4,NA,NA,NA,3.25,NA,NA,NA,NA,NA,NA,NA,NA,NA,NA,NA,NA,2,AsymAD,Mar-34,b1_019_15,11.75,16.8065704,13.3955317,14.69443252,16.2509606,16.88416073,-0.633200135,Banner,FALSE,NA,NA,bnnr,turquoise
bnnr_b07.131N,bnnr_b07,76,NA,MS2,NA,NA,NA,e34,1,1,NA,NA,NA,NA,NA,29,74,NA,0,NA,2,NA,NA,NA,2.95,NA,NA,NA,NA,NA,NA,NA,NA,NA,NA,NA,NA,3,Exclude,6-Dec,b3_192_07,10.5,16.64340308,13.3300796,14.25101565,16.16667352,16.83126686,-0.664593333,Banner,NA,NA,NA,bnnr,turquoise
bnnr_b08.127N,bnnr_b08,79,NA,MS2,NA,NA,NA,e34,1,1,NA,NA,NA,NA,NA,18,83,NA,1,NA,5,NA,NA,NA,3.25,NA,NA,NA,NA,NA,NA,NA,NA,NA,NA,NA,NA,3,AD,7-Feb,b1_008_38,14,16.56167707,13.31171354,14.71718543,16.22470108,16.69382544,-0.469124354,Banner,TRUE,PreRegression,NA,bnnr,turquoise
bnnr_b08.127C,bnnr_b08,80,NA,MS2,NA,NA,NA,e33,0,0,NA,NA,NA,NA,NA,26,82,NA,1,NA,3,NA,NA,NA,3,NA,NA,NA,NA,NA,NA,NA,NA,NA,NA,NA,NA,3,AsymAD,16-May,b4_129_14,14,16.70791029,13.31593345,12.89603203,16.11913108,16.77538314,-0.656252063,Banner,FALSE,NA,NA,bnnr,turquoise
bnnr_b08.128N,bnnr_b08,81,NA,MS2,NA,NA,NA,e24,1,0,NA,NA,NA,NA,NA,0,90,NA,0,NA,6,NA,NA,NA,3.66,NA,NA,NA,NA,NA,NA,NA,NA,NA,NA,NA,NA,3,AD,29-Jul,b3_045_06,14.5,16.42025028,13.31379513,14.26504034,17.07497709,16.95775911,0.117217977,Banner,TRUE,PreRegression,NA,bnnr,turquoise
bnnr_b08.128C,bnnr_b08,82,NA,MS2,NA,NA,NA,e34,1,1,NA,NA,NA,NA,NA,19,81,NA,1,NA,5,NA,NA,NA,3.33,NA,NA,NA,NA,NA,NA,NA,NA,NA,NA,NA,NA,3,AD,Jul-50,b3_047_12,15,16.60022647,13.36320303,14.98894952,16.48456004,16.8440617,-0.359501665,Banner,FALSE,NA,NA,bnnr,turquoise
bnnr_b08.129N,bnnr_b08,83,NA,MS2,NA,NA,NA,e34,1,1,NA,NA,NA,NA,NA,28,82,NA,1,NA,3,NA,NA,NA,3,NA,NA,NA,NA,NA,NA,NA,NA,NA,NA,NA,NA,0,Control,Oct-94,b4_177_17,0,16.78126295,13.31980535,12.83583053,16.20452858,16.93120167,-0.726673087,Banner,FALSE,NA,GIS,bnnr,turquoise
bnnr_b08.129C,bnnr_b08,84,NA,MS2,NA,NA,NA,e33,0,0,NA,NA,NA,NA,NA,27,88,NA,0,NA,4,NA,NA,NA,3,NA,NA,NA,NA,NA,NA,NA,NA,NA,NA,NA,NA,0,Exclude,1-Feb,b1_108_45,0,16.72934719,13.44653519,12.83493334,16.13266097,16.78177374,-0.649112775,Banner,NA,NA,NA,bnnr,turquoise
bnnr_b08.130N,bnnr_b08,85,NA,MS2,NA,NA,NA,e33,0,0,NA,NA,NA,NA,NA,19,93,NA,0,NA,4,NA,NA,NA,2.15,NA,NA,NA,NA,NA,NA,NA,NA,NA,NA,NA,NA,3,AD,11-Nov,b2_076_11,13,16.81496452,13.30968832,14.93120692,16.12938445,16.777027,-0.647642546,Banner,FALSE,NA,NA,bnnr,turquoise
bnnr_b08.130C,bnnr_b08,86,NA,MS2,NA,NA,NA,e23,0,-1,NA,NA,NA,NA,NA,30,103,NA,0,NA,4,NA,NA,NA,3,NA,NA,NA,NA,NA,NA,NA,NA,NA,NA,NA,NA,3,AsymAD,13-43,b4_200_25,10,16.71616585,13.36383612,12.77224822,16.1436033,16.88616124,-0.742557941,Banner,FALSE,NA,NA,bnnr,turquoise
bnnr_b08.131N,bnnr_b08,87,NA,MS2,NA,NA,NA,e33,0,0,NA,NA,NA,NA,NA,4,86,NA,1,NA,6,NA,NA,NA,2.05,NA,NA,NA,NA,NA,NA,NA,NA,NA,NA,NA,NA,3,AD,Oct-46,b2_068_35,14,16.60742047,13.26234378,14.50374744,16.69741362,16.95310699,-0.255693372,Banner,FALSE,NA,NA,bnnr,turquoise
bnnr_b09.127N,bnnr_b09,90,NA,MS2,NA,NA,NA,e34,1,1,NA,NA,NA,NA,NA,7,78,NA,1,NA,6,NA,NA,NA,2.25,NA,NA,NA,NA,NA,NA,NA,NA,NA,NA,NA,NA,3,AD,Aug-45,b2_053_07,14,17.04575144,13.29825752,14.23460012,16.97107724,17.00372144,-0.032644201,Banner,FALSE,NA,NA,bnnr,turquoise
bnnr_b09.127C,bnnr_b09,91,NA,MS2,NA,NA,NA,e34,1,1,NA,NA,NA,NA,NA,18,86,NA,0,NA,5,NA,NA,NA,1.83,NA,NA,NA,NA,NA,NA,NA,NA,NA,NA,NA,NA,2,AD,Mar-37,b2_020_37,13.5,16.57933388,13.34217657,14.38129996,17.22235235,17.0148083,0.207544048,Banner,TRUE,PreRegression,NA,bnnr,turquoise
bnnr_b09.128N,bnnr_b09,92,NA,MS2,NA,NA,NA,e23,0,-1,NA,NA,NA,NA,NA,29,84,NA,0,NA,4,NA,NA,NA,2,NA,NA,NA,NA,NA,NA,NA,NA,NA,NA,NA,NA,0,Exclude,Oct-73,b3_173_17,0,16.82439897,13.33864942,12.64838496,16.30412913,16.87126734,-0.567138202,Banner,NA,NA,NA,bnnr,turquoise
bnnr_b09.128C,bnnr_b09,93,NA,MS2,NA,NA,NA,e33,0,0,NA,NA,NA,NA,NA,28,82,NA,1,NA,3,NA,NA,NA,2.16,NA,NA,NA,NA,NA,NA,NA,NA,NA,NA,NA,NA,1,AsymAD,May-36,b3_133_27,3,16.68807225,13.31885509,12.7302763,16.20452847,16.76549636,-0.560967885,Banner,FALSE,NA,NA,bnnr,turquoise
bnnr_b09.129N,bnnr_b09,94,NA,MS2,NA,NA,NA,e34,1,1,NA,NA,NA,NA,NA,4,92,NA,0,NA,6,NA,NA,NA,3.12,NA,NA,NA,NA,NA,NA,NA,NA,NA,NA,NA,NA,3,AD,17-Sep,b3_059_39,14,16.56483773,13.31312379,14.00120371,16.16093094,16.67564389,-0.514712947,Banner,FALSE,NA,NA,bnnr,turquoise
bnnr_b09.129C,bnnr_b09,95,NA,MS2,NA,NA,NA,e23,0,-1,NA,NA,NA,NA,NA,28,91,NA,1,NA,4,NA,NA,NA,2.75,NA,NA,NA,NA,NA,NA,NA,NA,NA,NA,NA,NA,3,AsymAD,13-39,b3_199_11,13.5,16.70790984,13.3084993,14.45443458,16.13012189,16.80819219,-0.678070301,Banner,FALSE,NA,NA,bnnr,turquoise
bnnr_b09.130N,bnnr_b09,96,NA,MS2,NA,NA,NA,e33,0,0,NA,NA,NA,NA,NA,16,95,NA,1,NA,5,NA,NA,NA,2.33,NA,NA,NA,NA,NA,NA,NA,NA,NA,NA,NA,NA,2,AD,14-Mar,b2_016_38,13,16.3923647,13.31492687,14.0484919,16.06449005,16.60787396,-0.543383915,Banner,TRUE,PreRegression,NA,bnnr,turquoise
bnnr_b09.130C,bnnr_b09,97,NA,MS2,NA,NA,NA,e33,0,0,NA,NA,NA,NA,NA,29,75,NA,1,NA,4,NA,NA,NA,4.33,NA,NA,NA,NA,NA,NA,NA,NA,NA,NA,NA,NA,3,AsymAD,20-May,b2_131_51,14,16.79823274,13.33475152,15.24532216,16.20509945,16.84667525,-0.641575793,Banner,FALSE,NA,NA,bnnr,turquoise
bnnr_b09.131N,bnnr_b09,98,NA,MS2,NA,NA,NA,e33,0,0,NA,NA,NA,NA,NA,27,80,NA,0,NA,3,NA,NA,NA,2.88,NA,NA,NA,NA,NA,NA,NA,NA,NA,NA,NA,NA,3,AsymAD,Dec-44,b4_196_47,14,16.77252664,13.3159333,14.32818585,16.16601618,16.85866212,-0.692645942,Banner,FALSE,NA,NA,bnnr,turquoise
bnnr_b10.127N,bnnr_b10,101,NA,MS2,NA,NA,NA,e34,1,1,NA,NA,NA,NA,NA,6,87,NA,1,NA,5,NA,NA,NA,3,NA,NA,NA,NA,NA,NA,NA,NA,NA,NA,NA,NA,3,AD,16-Jan,b1_006_25,13.25,16.64434767,13.32258341,14.23981467,16.0654732,16.66049245,-0.595019247,Banner,FALSE,NA,NA,bnnr,turquoise
bnnr_b10.127C,bnnr_b10,102,NA,MS2,NA,NA,NA,e33,0,0,NA,NA,NA,NA,NA,30,89,NA,1,NA,2,NA,NA,NA,5.5,NA,NA,NA,NA,NA,NA,NA,NA,NA,NA,NA,NA,0,Control,Jul-37,b4_152_34,0,16.71927455,13.31593262,12.43422747,16.09587478,16.80443154,-0.708556752,Banner,FALSE,NA,GIS,bnnr,turquoise
bnnr_b10.128N,bnnr_b10,103,NA,MS2,NA,NA,NA,e33,0,0,NA,NA,NA,NA,NA,1,84,NA,1,NA,5,NA,NA,NA,2.33,NA,NA,NA,NA,NA,NA,NA,NA,NA,NA,NA,NA,3,AD,May-35,b2_030_16,13,16.58341617,13.36280118,14.63220146,16.45163139,16.8819367,-0.430305308,Banner,FALSE,NA,NA,bnnr,turquoise
bnnr_b10.128C,bnnr_b10,104,NA,MS2,NA,NA,NA,e33,0,0,NA,NA,NA,NA,NA,18,97,NA,0,NA,5,NA,NA,NA,3.16,NA,NA,NA,NA,NA,NA,NA,NA,NA,NA,NA,NA,3,AD,May-57,b4_032_11,15,16.654619,13.30897458,14.1026676,16.23865637,16.88488333,-0.646226966,Banner,FALSE,NA,NA,bnnr,turquoise
bnnr_b10.129N,bnnr_b10,105,NA,MS2,NA,NA,NA,e23,0,-1,NA,NA,NA,NA,NA,30,91,NA,0,NA,4,NA,NA,NA,2.5,NA,NA,NA,NA,NA,NA,NA,NA,NA,NA,NA,NA,0,Exclude,Aug-44,b4_157_20,0,16.75481733,13.28213209,12.48009768,16.20452852,16.91303793,-0.70850941,Banner,NA,NA,NA,bnnr,turquoise
bnnr_b10.129C,bnnr_b10,106,NA,MS2,NA,NA,NA,e33,0,0,NA,NA,NA,NA,NA,28,88,NA,0,NA,4,NA,NA,NA,2.2,NA,NA,NA,NA,NA,NA,NA,NA,NA,NA,NA,NA,2,AsymAD,4-Nov,b2_178_14,13.5,16.78059808,13.37428336,14.44440405,16.1535282,16.81992532,-0.666397129,Banner,FALSE,NA,NA,bnnr,turquoise
bnnr_b10.130N,bnnr_b10,107,NA,MS2,NA,NA,NA,e33,0,0,NA,NA,NA,NA,NA,23,85,NA,1,NA,6,NA,NA,NA,3,NA,NA,NA,NA,NA,NA,NA,NA,NA,NA,NA,NA,3,AD,Sep-42,b2_061_08,15,16.70791075,13.37056921,14.41520243,16.22713921,16.80090794,-0.573768731,Banner,FALSE,NA,NA,bnnr,turquoise
bnnr_b10.130C,bnnr_b10,108,NA,MS2,NA,NA,NA,e34,1,1,NA,NA,NA,NA,NA,0,71,NA,0,NA,6,NA,NA,NA,2.17,NA,NA,NA,NA,NA,NA,NA,NA,NA,NA,NA,NA,3,AD,Nov-49,b3_082_09,15,16.63517407,13.28589624,14.51464319,17.1994046,17.07588726,0.123517334,Banner,FALSE,NA,NA,bnnr,turquoise
bnnr_b10.131N,bnnr_b10,109,NA,MS2,NA,NA,NA,e23,0,-1,NA,NA,NA,NA,NA,29,86,NA,1,NA,4,NA,NA,NA,2.5,NA,NA,NA,NA,NA,NA,NA,NA,NA,NA,NA,NA,0,Exclude,Dec-67,b3_197_50,0,16.73488208,13.29172255,12.51586417,16.10600449,16.8472709,-0.74126641,Banner,NA,NA,NA,bnnr,turquoise
bnnr_b11.127N,bnnr_b11,112,NA,MS2,NA,NA,NA,e34,1,1,NA,NA,NA,NA,NA,27,85,NA,0,NA,3,NA,NA,NA,1.5,NA,NA,NA,NA,NA,NA,NA,NA,NA,NA,NA,NA,2,AsymAD,Mar-58,b2_118_17,10.25,16.78248352,13.3564083,14.39949802,16.16577024,16.81123943,-0.64546919,Banner,FALSE,NA,NA,bnnr,turquoise
bnnr_b11.127C,bnnr_b11,113,NA,MS2,NA,NA,NA,e34,1,1,NA,NA,NA,NA,NA,3,88,NA,0,NA,5,NA,NA,NA,3,NA,NA,NA,NA,NA,NA,NA,NA,NA,NA,NA,NA,3,AD,Aug-48,b1_054_46,15,16.76622703,13.32064157,14.24032329,16.38635064,16.82730701,-0.440956367,Banner,FALSE,NA,NA,bnnr,turquoise
bnnr_b11.128N,bnnr_b11,114,NA,MS2,NA,NA,NA,e34,1,1,NA,NA,NA,NA,NA,4,84,NA,0,NA,5,NA,NA,NA,3,NA,NA,NA,NA,NA,NA,NA,NA,NA,NA,NA,NA,3,AD,26-Jun,b4_034_36,13,16.69689983,13.42797176,14.76503976,17.13919559,17.10970579,0.029489802,Banner,TRUE,PreRegression,NA,bnnr,turquoise
bnnr_b11.128C,bnnr_b11,115,NA,MS2,NA,NA,NA,e33,0,0,NA,NA,NA,NA,NA,19,82,NA,1,NA,5,NA,NA,NA,2.95,NA,NA,NA,NA,NA,NA,NA,NA,NA,NA,NA,NA,3,AD,Nov-78,b1_087_20,14.5,16.64884612,13.26195764,14.51933416,16.62211129,16.81765411,-0.195542821,Banner,FALSE,NA,NA,bnnr,turquoise
bnnr_b11.129N,bnnr_b11,116,NA,MS2,NA,NA,NA,e33,0,0,NA,NA,NA,NA,NA,28,91,NA,1,NA,4,NA,NA,NA,3.16,NA,NA,NA,NA,NA,NA,NA,NA,NA,NA,NA,NA,3,AsymAD,Jun-43,b2_141_41,6.5,16.35771866,13.1975285,12.58135034,15.78572235,16.52927128,-0.74354893,Banner,TRUE,PostRegression,NA,bnnr,turquoise
bnnr_b11.129C,bnnr_b11,117,NA,MS2,NA,NA,NA,e33,0,0,NA,NA,NA,NA,NA,29,83,NA,0,NA,2,NA,NA,NA,3.25,NA,NA,NA,NA,NA,NA,NA,NA,NA,NA,NA,NA,1,Control,Mar-63,b3_119_10,1,16.7292055,13.35529141,12.26128109,16.13083973,16.84670185,-0.715862128,Banner,FALSE,NA,GIS,bnnr,turquoise
bnnr_b11.130N,bnnr_b11,118,NA,MS2,NA,NA,NA,e34,1,1,NA,NA,NA,NA,NA,24,82,NA,1,NA,6,NA,NA,NA,5,NA,NA,NA,NA,NA,NA,NA,NA,NA,NA,NA,NA,3,AsymAD,Nov-96,b1_191_08,13.5,16.70790972,13.24958582,14.69351207,16.31375573,16.91172016,-0.597964433,Banner,FALSE,NA,NA,bnnr,turquoise
bnnr_b11.130C,bnnr_b11,119,NA,MS2,NA,NA,NA,e23,0,-1,NA,NA,NA,NA,NA,24,96,NA,1,NA,4,NA,NA,NA,4.5,NA,NA,NA,NA,NA,NA,NA,NA,NA,NA,NA,NA,3,AsymAD,1-Nov,b3_072_49,4,16.92470751,13.23870423,12.25531037,16.20452841,16.8837001,-0.679171694,Banner,FALSE,NA,NA,bnnr,turquoise
bnnr_b11.131N,bnnr_b11,120,NA,MS2,NA,NA,NA,e33,0,0,NA,NA,NA,NA,NA,30,80,NA,1,NA,3,NA,NA,NA,2.5,NA,NA,NA,NA,NA,NA,NA,NA,NA,NA,NA,NA,0,Control,Sep-34,b4_165_44,0,16.67667525,13.31593407,12.17687792,16.1290786,16.893907,-0.7648284,Banner,FALSE,NA,GIS,bnnr,turquoise
bnnr_b12.127N,bnnr_b12,123,NA,MS2,NA,NA,NA,e22,0,-2,NA,NA,NA,NA,NA,29,91,NA,0,NA,4,NA,NA,NA,4,NA,NA,NA,NA,NA,NA,NA,NA,NA,NA,NA,NA,3,AsymAD,Nov-60,b4_187_22,11,16.61080646,13.32069457,13.93277093,16.11092699,16.84180206,-0.730875069,Banner,FALSE,NA,NA,bnnr,turquoise
bnnr_b12.127C,bnnr_b12,124,NA,MS2,NA,NA,NA,e34,1,1,NA,NA,NA,NA,NA,14,76,NA,1,NA,5,NA,NA,NA,4.5,NA,NA,NA,NA,NA,NA,NA,NA,NA,NA,NA,NA,3,AD,2-Mar,b3_012_52,10.75,16.56688594,13.29451869,14.19694239,16.16624453,16.77592687,-0.609682342,Banner,FALSE,NA,NA,bnnr,turquoise
bnnr_b12.128N,bnnr_b12,125,NA,MS2,NA,NA,NA,e33,0,0,NA,NA,NA,NA,NA,12,86,NA,0,NA,5,NA,NA,NA,3.5,NA,NA,NA,NA,NA,NA,NA,NA,NA,NA,NA,NA,2,AD,00-12,b1_002_07,11.75,16.71492573,13.37292379,14.24488278,16.21258661,16.7309858,-0.518399188,Banner,FALSE,NA,NA,bnnr,turquoise
bnnr_b12.128C,bnnr_b12,126,NA,MS2,NA,NA,NA,e34,1,1,NA,NA,NA,NA,NA,14,82,NA,1,NA,4,NA,NA,NA,2.67,NA,NA,NA,NA,NA,NA,NA,NA,NA,NA,NA,NA,3,AD,19-Nov,b4_078_46,13.5,16.7131937,13.27595688,14.20834332,16.23553014,16.87983303,-0.644302893,Banner,FALSE,NA,NA,bnnr,turquoise
bnnr_b12.129N,bnnr_b12,127,NA,MS2,NA,NA,NA,e33,0,0,NA,NA,NA,NA,NA,30,96,NA,0,NA,4,NA,NA,NA,2.16,NA,NA,NA,NA,NA,NA,NA,NA,NA,NA,NA,NA,2,AsymAD,28-May,b2_132_33,4.5,16.56577769,13.36787284,13.73372337,16.12416583,16.7112335,-0.58706767,Banner,FALSE,NA,NA,bnnr,turquoise
bnnr_b12.129C,bnnr_b12,128,NA,MS2,NA,NA,NA,e34,1,1,NA,NA,NA,NA,NA,10,73,NA,1,NA,5,NA,NA,NA,4.92,NA,NA,NA,NA,NA,NA,NA,NA,NA,NA,NA,NA,3,AD,Nov-66,b2_085_39,14.5,16.48010065,13.27867877,14.89497572,17.30420662,17.06358792,0.2406187,Banner,FALSE,NA,NA,bnnr,turquoise
bnnr_b12.130N,bnnr_b12,129,NA,MS2,NA,NA,NA,e33,0,0,NA,NA,NA,NA,NA,27,84,NA,1,NA,2,NA,NA,NA,2.5,NA,NA,NA,NA,NA,NA,NA,NA,NA,NA,NA,NA,3,Exclude,8-Jun,b3_136_21,6.5,16.70790984,13.27150088,14.108813,16.20452854,16.89713508,-0.692606539,Banner,NA,NA,NA,bnnr,turquoise
bnnr_b12.130C,bnnr_b12,130,NA,MS2,NA,NA,NA,e33,0,0,NA,NA,NA,NA,NA,25,81,NA,1,NA,3,NA,NA,NA,2.75,NA,NA,NA,NA,NA,NA,NA,NA,NA,NA,NA,NA,1,AsymAD,31-Jan,b1_104_35,12.5,16.72794976,13.34174941,14.35858597,16.18158413,16.76406993,-0.582485797,Banner,FALSE,NA,NA,bnnr,turquoise
bnnr_b12.131N,bnnr_b12,131,NA,MS2,NA,NA,NA,e22,0,-2,NA,NA,NA,NA,NA,29,83,NA,0,NA,2,NA,NA,NA,4.83,NA,NA,NA,NA,NA,NA,NA,NA,NA,NA,NA,NA,2,Exclude,Apr-38,b4_124_07,10,16.7894183,13.31593399,16.00739091,16.24217559,16.96970213,-0.72752654,Banner,NA,NA,NA,bnnr,turquoise
bnnr_b13.127N,bnnr_b13,134,NA,MS2,NA,NA,NA,e23,0,-1,NA,NA,NA,NA,NA,30,81,NA,1,NA,4,NA,NA,NA,2.25,NA,NA,NA,NA,NA,NA,NA,NA,NA,NA,NA,NA,0,Exclude,5-Nov,b2_179_06,0,16.87555105,13.31593309,12.4419678,16.27821431,16.89395587,-0.615741559,Banner,NA,NA,NA,bnnr,turquoise
bnnr_b13.127C,bnnr_b13,135,NA,MS2,NA,NA,NA,NA,NA,NA,NA,NA,NA,NA,NA,22,91,NA,0,NA,5,NA,NA,NA,2.33,NA,NA,NA,NA,NA,NA,NA,NA,NA,NA,NA,NA,3,AD,1-Sep,b3_057_26,12.5,16.7220845,13.27106466,14.97282846,16.37236959,16.84154341,-0.469173821,Banner,FALSE,NA,NA,bnnr,turquoise
bnnr_b13.128N,bnnr_b13,136,NA,MS2,NA,NA,NA,e33,0,0,NA,NA,NA,NA,NA,27,91,NA,1,NA,2,NA,NA,NA,1.5,NA,NA,NA,NA,NA,NA,NA,NA,NA,NA,NA,NA,0,Control,10-May,b3_127_14,0,16.85415581,13.26788577,12.55770104,16.20452835,16.88212362,-0.677595274,Banner,FALSE,NA,GIS,bnnr,turquoise
bnnr_b13.128C,bnnr_b13,137,NA,MS2,NA,NA,NA,e23,0,-1,NA,NA,NA,NA,NA,30,78,NA,0,NA,4,NA,NA,NA,3.75,NA,NA,NA,NA,NA,NA,NA,NA,NA,NA,NA,NA,2,AsymAD,30-Apr,b2_123_24,10,16.7142207,13.35083306,14.20745071,16.18198451,16.73414177,-0.552157257,Banner,FALSE,NA,NA,bnnr,turquoise
bnnr_b13.129N,bnnr_b13,138,NA,MS2,NA,NA,NA,e34,1,1,NA,NA,NA,NA,NA,26,92,NA,1,NA,5,NA,NA,NA,2,NA,NA,NA,NA,NA,NA,NA,NA,NA,NA,NA,NA,3,AsymAD,27-Jul,b3_044_30,15,16.52828659,13.32854099,14.56137361,16.15622751,16.79084257,-0.634615066,Banner,FALSE,NA,NA,bnnr,turquoise
bnnr_b13.129C,bnnr_b13,139,NA,MS2,NA,NA,NA,e34,1,1,NA,NA,NA,NA,NA,25,92,NA,0,NA,4,NA,NA,NA,5.66,NA,NA,NA,NA,NA,NA,NA,NA,NA,NA,NA,NA,2,AsymAD,00-30,b1_102_31,5.5,16.63496336,13.34163853,13.9264745,16.07098692,16.68609411,-0.615107187,Banner,FALSE,NA,NA,bnnr,turquoise
bnnr_b13.130N,bnnr_b13,140,NA,MS2,NA,NA,NA,e33,0,0,NA,NA,NA,NA,NA,11,77,NA,0,NA,5,NA,NA,NA,2.75,NA,NA,NA,NA,NA,NA,NA,NA,NA,NA,NA,NA,3,AD,19-Mar,b3_017_05,13.25,16.54733773,13.32011826,14.77746078,16.94505588,16.96179174,-0.016735861,Banner,FALSE,NA,NA,bnnr,turquoise
bnnr_b13.130C,bnnr_b13,141,NA,MS2,NA,NA,NA,e23,0,-1,NA,NA,NA,NA,NA,26,82,NA,1,NA,3,NA,NA,NA,3.66,NA,NA,NA,NA,NA,NA,NA,NA,NA,NA,NA,NA,0,Control,Aug-85,b4_160_16,0,16.67312977,13.22418792,12.68121237,16.14145409,16.89558496,-0.754130871,Banner,FALSE,NA,GIS,bnnr,turquoise
bnnr_b13.131N,bnnr_b13,142,NA,MS2,NA,NA,NA,e34,1,1,NA,NA,NA,NA,NA,14,84,NA,1,NA,5,NA,NA,NA,1.5,NA,NA,NA,NA,NA,NA,NA,NA,NA,NA,NA,NA,3,AD,Apr-55,b2_027_19,13.25,16.70790993,13.30903374,14.57934821,16.41254932,16.79124548,-0.378696164,Banner,FALSE,NA,NA,bnnr,turquoise
bnnr_b14.127N,bnnr_b14,145,NA,MS2,NA,NA,NA,e33,0,0,NA,NA,NA,NA,NA,28,97,NA,1,NA,4,NA,NA,NA,1.87,NA,NA,NA,NA,NA,NA,NA,NA,NA,NA,NA,NA,0,Exclude,5-Sep,b4_163_39,2,16.79579235,13.31593296,12.35307338,16.20452849,16.97687051,-0.772342014,Banner,NA,NA,NA,bnnr,turquoise
bnnr_b14.127C,bnnr_b14,146,NA,MS2,NA,NA,NA,e23,0,-1,NA,NA,NA,NA,NA,4,103,NA,0,NA,4,NA,NA,NA,2.6,NA,NA,NA,NA,NA,NA,NA,NA,NA,NA,NA,NA,3,AD,Oct-87,b3_071_19,13.5,16.71625196,13.36593433,14.75459729,16.20074287,16.80991511,-0.60917224,Banner,FALSE,NA,NA,bnnr,turquoise
bnnr_b14.128N,bnnr_b14,147,NA,MS2,NA,NA,NA,e33,0,0,NA,NA,NA,NA,NA,0,79,NA,1,NA,5,NA,NA,NA,2,NA,NA,NA,NA,NA,NA,NA,NA,NA,NA,NA,NA,3,AD,00-54,b3_005_47,14.5,16.61651659,13.3052095,14.4167073,16.38155488,16.78608454,-0.404529653,Banner,FALSE,NA,NA,bnnr,turquoise
bnnr_b14.128C,bnnr_b14,148,NA,MS2,NA,NA,NA,e34,1,1,NA,NA,NA,NA,NA,30,88,NA,0,NA,3,NA,NA,NA,2,NA,NA,NA,NA,NA,NA,NA,NA,NA,NA,NA,NA,2,AsymAD,12-May,b4_128_24,6.25,16.70790969,13.39477409,13.95749564,16.17940671,16.8489224,-0.669515686,Banner,FALSE,NA,NA,bnnr,turquoise
bnnr_b14.129N,bnnr_b14,149,NA,MS2,NA,NA,NA,e34,1,1,NA,NA,NA,NA,NA,26,89,NA,1,NA,5,NA,NA,NA,2.95,NA,NA,NA,NA,NA,NA,NA,NA,NA,NA,NA,NA,3,AsymAD,Aug-59,b1_055_19,13.5,16.82518731,13.29181485,14.2940602,16.26483861,16.85065483,-0.585816218,Banner,FALSE,NA,NA,bnnr,turquoise
bnnr_b14.129C,bnnr_b14,150,NA,MS2,NA,NA,NA,e34,1,1,NA,NA,NA,NA,NA,28,87,NA,1,NA,3,NA,NA,NA,3.5,NA,NA,NA,NA,NA,NA,NA,NA,NA,NA,NA,NA,2,AsymAD,24-Feb,b3_111_29,8.25,16.63992403,13.25783004,13.88238122,16.13384562,16.82457103,-0.690725403,Banner,FALSE,NA,NA,bnnr,turquoise
bnnr_b14.130N,bnnr_b14,151,NA,MS2,NA,NA,NA,e33,0,0,NA,NA,NA,NA,NA,28,89,NA,0,NA,4,NA,NA,NA,2.75,NA,NA,NA,NA,NA,NA,NA,NA,NA,NA,NA,NA,3,AsymAD,14-Sep,b3_058_42,8.5,16.74360958,13.35663122,13.70865774,16.14502493,16.73634135,-0.591316414,Banner,FALSE,NA,NA,bnnr,turquoise
bnnr_b14.130C,bnnr_b14,152,NA,MS2,NA,NA,NA,e33,0,0,NA,NA,NA,NA,NA,0,80,NA,1,NA,6,NA,NA,NA,2.5,NA,NA,NA,NA,NA,NA,NA,NA,NA,NA,NA,NA,3,AD,Feb-41,b2_011_48,14.5,16.66455517,13.29225555,14.8804717,16.66010561,16.93142456,-0.271318948,Banner,FALSE,NA,NA,bnnr,turquoise
bnnr_b14.131N,bnnr_b14,153,NA,MS2,NA,NA,NA,e34,1,1,NA,NA,NA,NA,NA,5,76,NA,0,NA,6,NA,NA,NA,5.08,NA,NA,NA,NA,NA,NA,NA,NA,NA,NA,NA,NA,3,AD,Nov-62,b1_084_09,15,16.59446044,13.40087622,14.63954088,17.19007623,16.98877955,0.201296684,Banner,FALSE,NA,NA,bnnr,turquoise
bnnr_b15.127N,bnnr_b15,156,NA,MS2,NA,NA,NA,e33,0,0,NA,NA,NA,NA,NA,24,82,NA,1,NA,4,NA,NA,NA,2.67,NA,NA,NA,NA,NA,NA,NA,NA,NA,NA,NA,NA,0,Exclude,Nov-93,b4_190_26,0,16.88937828,13.31386031,12.14715094,16.24590805,16.96673911,-0.720831064,Banner,NA,NA,NA,bnnr,turquoise
bnnr_b15.127C,bnnr_b15,157,NA,MS2,NA,NA,NA,e34,1,1,NA,NA,NA,NA,NA,22,93,NA,0,NA,2,NA,NA,NA,3.16,NA,NA,NA,NA,NA,NA,NA,NA,NA,NA,NA,NA,2,Exclude,4-Sep,b3_162_43,14,16.70791179,13.31593495,12.53722393,16.18909169,16.81785598,-0.628764292,Banner,NA,NA,NA,bnnr,turquoise
bnnr_b15.128N,bnnr_b15,158,NA,MS2,NA,NA,NA,e23,0,-1,NA,NA,NA,NA,NA,30,97,NA,1,NA,3,NA,NA,NA,1.5,NA,NA,NA,NA,NA,NA,NA,NA,NA,NA,NA,NA,0,Control,4-Jul,b2_146_46,0,16.81019049,13.25283662,12.24310354,16.19253751,16.84478369,-0.65224618,Banner,FALSE,NA,GIS,bnnr,turquoise
bnnr_b15.128C,bnnr_b15,159,NA,MS2,NA,NA,NA,e34,1,1,NA,NA,NA,NA,NA,15,89,NA,1,NA,5,NA,NA,NA,3.1,NA,NA,NA,NA,NA,NA,NA,NA,NA,NA,NA,NA,3,AD,13-64,b1_096_11,13.5,16.70332884,13.36302983,14.42697867,16.19257199,16.76354496,-0.570972975,Banner,FALSE,NA,NA,bnnr,turquoise
bnnr_b15.129N,bnnr_b15,160,NA,MS2,NA,NA,NA,e34,1,1,NA,NA,NA,NA,NA,18,91,NA,0,NA,4,NA,NA,NA,4.66,NA,NA,NA,NA,NA,NA,NA,NA,NA,NA,NA,NA,2,AD,Jun-54,b4_038_10,12.5,16.69130258,13.38055079,14.5004994,16.13976581,16.7799451,-0.64017929,Banner,FALSE,NA,NA,bnnr,turquoise
bnnr_b15.129C,bnnr_b15,161,NA,MS2,NA,NA,NA,e33,0,0,NA,NA,NA,NA,NA,12,76,NA,1,NA,6,NA,NA,NA,3.5,NA,NA,NA,NA,NA,NA,NA,NA,NA,NA,NA,NA,3,AD,Nov-72,b3_086_23,13.5,16.68659068,13.35814046,14.56945275,16.55414331,16.8390529,-0.284909587,Banner,FALSE,NA,NA,bnnr,turquoise
bnnr_b15.130N,bnnr_b15,162,NA,MS2,NA,NA,NA,e33,0,0,NA,NA,NA,NA,NA,6,76,NA,0,NA,5,NA,NA,NA,3.08,NA,NA,NA,NA,NA,NA,NA,NA,NA,NA,NA,NA,3,AD,13-35,b1_092_16,15,16.4964609,13.32784958,14.12168778,17.64127446,17.12629953,0.514974928,Banner,TRUE,PreRegression,NA,bnnr,turquoise
bnnr_b15.130C,bnnr_b15,163,NA,MS2,NA,NA,NA,e34,1,1,NA,NA,NA,NA,NA,26,92,NA,0,NA,3,NA,NA,NA,3.16,NA,NA,NA,NA,NA,NA,NA,NA,NA,NA,NA,NA,1,AsymAD,Oct-78,b2_175_45,6.5,16.72352284,13.24621003,14.10774648,16.20452815,16.8609141,-0.656385943,Banner,FALSE,NA,NA,bnnr,turquoise
bnnr_b15.131N,bnnr_b15,164,NA,MS2,NA,NA,NA,e34,1,1,NA,NA,NA,NA,NA,30,80,NA,1,NA,5,NA,NA,NA,2.16,NA,NA,NA,NA,NA,NA,NA,NA,NA,NA,NA,NA,3,AsymAD,28-Mar,b3_115_56,14.5,16.9350925,13.27643296,14.42426031,16.33917583,16.99512533,-0.6559495,Banner,FALSE,NA,NA,bnnr,turquoise
bnnr_b16.127N,bnnr_b16,167,NA,MS2,NA,NA,NA,e33,0,0,NA,NA,NA,NA,NA,30,87,NA,0,NA,4,NA,NA,NA,2.5,NA,NA,NA,NA,NA,NA,NA,NA,NA,NA,NA,NA,0,Exclude,Jul-63,b1_155_34,0,16.82755938,13.30982555,12.60358492,16.20452917,16.8465159,-0.641986734,Banner,NA,NA,NA,bnnr,turquoise
bnnr_b16.127C,bnnr_b16,168,NA,MS2,NA,NA,NA,e33,0,0,NA,NA,NA,NA,NA,19,86,NA,1,NA,4,NA,NA,NA,2.16,NA,NA,NA,NA,NA,NA,NA,NA,NA,NA,NA,NA,3,AD,Mar-52,b3_021_16,14.5,16.82753354,13.31660072,15.28835227,16.21707132,16.8082099,-0.591138583,Banner,FALSE,NA,NA,bnnr,turquoise
bnnr_b16.128N,bnnr_b16,169,NA,MS2,NA,NA,NA,e44,2,2,NA,NA,NA,NA,NA,0,72,NA,1,NA,5,NA,NA,NA,3,NA,NA,NA,NA,NA,NA,NA,NA,NA,NA,NA,NA,3,AD,30-Aug,b1_051_36,15,16.78102077,13.25740622,14.91127805,16.72230625,16.93096585,-0.208659599,Banner,FALSE,NA,NA,bnnr,turquoise
bnnr_b16.128C,bnnr_b16,170,NA,MS2,NA,NA,NA,e34,1,1,NA,NA,NA,NA,NA,5,82,NA,0,NA,4,NA,NA,NA,4.5,NA,NA,NA,NA,NA,NA,NA,NA,NA,NA,NA,NA,2,AD,00-28,b3_003_53,12.5,16.56390391,13.29292694,14.23590413,16.09087105,16.844281,-0.753409946,Banner,FALSE,NA,NA,bnnr,turquoise
bnnr_b16.129N,bnnr_b16,171,NA,MS2,NA,NA,NA,e33,0,0,NA,NA,NA,NA,NA,30,87,NA,0,NA,4,NA,NA,NA,2.75,NA,NA,NA,NA,NA,NA,NA,NA,NA,NA,NA,NA,3,AsymAD,Nov-87,b4_189_43,5,16.70790943,13.35320925,12.88406499,16.26774425,16.91476141,-0.647017168,Banner,FALSE,NA,NA,bnnr,turquoise
bnnr_b16.129C,bnnr_b16,172,NA,MS2,NA,NA,NA,e34,1,1,NA,NA,NA,NA,NA,10,77,NA,1,NA,6,NA,NA,NA,3.62,NA,NA,NA,NA,NA,NA,NA,NA,NA,NA,NA,NA,3,AD,13-75,b1_098_50,15,16.68208479,13.33805219,14.90185931,16.47825769,16.8203402,-0.342082509,Banner,FALSE,NA,NA,bnnr,turquoise
bnnr_b16.130N,bnnr_b16,173,NA,MS2,NA,NA,NA,e33,0,0,NA,NA,NA,NA,NA,29,97,NA,1,NA,4,NA,NA,NA,2.5,NA,NA,NA,NA,NA,NA,NA,NA,NA,NA,NA,NA,0,Exclude,Dec-41,b4_195_51,0,16.70459685,13.36234983,12.92876931,16.15183855,16.88484533,-0.733006781,Banner,NA,NA,NA,bnnr,turquoise
bnnr_b16.130C,bnnr_b16,174,NA,MS2,NA,NA,NA,e33,0,0,NA,NA,NA,NA,NA,27,86,NA,1,NA,3,NA,NA,NA,3.5,NA,NA,NA,NA,NA,NA,NA,NA,NA,NA,NA,NA,0,Control,18-Jul,b4_149_49,0,16.72882694,13.2814112,12.88541779,16.12792862,16.8342275,-0.706298885,Banner,FALSE,NA,GIS,bnnr,turquoise
bnnr_b16.131N,bnnr_b16,175,NA,MS2,NA,NA,NA,e34,1,1,NA,NA,NA,NA,NA,17,91,NA,0,NA,4,NA,NA,NA,2.5,NA,NA,NA,NA,NA,NA,NA,NA,NA,NA,NA,NA,3,AD,Jul-57,b3_048_44,13,16.58148287,13.31593276,14.6443416,16.07616865,16.79932484,-0.723156197,Banner,FALSE,NA,NA,bnnr,turquoise
bnnr_b17.127N,bnnr_b17,178,NA,MS2,NA,NA,NA,e23,0,-1,NA,NA,NA,NA,NA,26,86,NA,1,NA,4,NA,NA,NA,2,NA,NA,NA,NA,NA,NA,NA,NA,NA,NA,NA,NA,0,Exclude,15-Nov,b4_183_32,0,16.83311067,13.33209377,12.69139695,16.20452825,16.90616653,-0.701638285,Banner,NA,NA,NA,bnnr,turquoise
bnnr_b17.127C,bnnr_b17,179,NA,MS2,NA,NA,NA,e44,2,2,NA,NA,NA,NA,NA,16,75,NA,1,NA,5,NA,NA,NA,1.83,NA,NA,NA,NA,NA,NA,NA,NA,NA,NA,NA,NA,3,AD,Apr-60,b4_028_48,14,16.66149014,13.35089067,15.10931699,16.1675743,16.84213917,-0.674564869,Banner,FALSE,NA,NA,bnnr,turquoise
bnnr_b17.128N,bnnr_b17,180,NA,MS2,NA,NA,NA,e34,1,1,NA,NA,NA,NA,NA,25,93,NA,1,NA,3,NA,NA,NA,2.08,NA,NA,NA,NA,NA,NA,NA,NA,NA,NA,NA,NA,3,AsymAD,11-102,b3_182_36,8,16.88263482,13.31640752,14.23581751,16.16240668,16.81703737,-0.654630687,Banner,FALSE,NA,NA,bnnr,turquoise
bnnr_b17.128C,bnnr_b17,181,NA,MS2,NA,NA,NA,e34,1,1,NA,NA,NA,NA,NA,3,82,NA,0,NA,6,NA,NA,NA,2.4,NA,NA,NA,NA,NA,NA,NA,NA,NA,NA,NA,NA,3,AD,Oct-44,b2_067_03,15,16.63903695,13.35854114,14.61847581,17.19262641,16.99378942,0.198836987,Banner,TRUE,PreRegression,NA,bnnr,turquoise
bnnr_b17.129N,bnnr_b17,182,NA,MS2,NA,NA,NA,e33,0,0,NA,NA,NA,NA,NA,27,90,NA,0,NA,3,NA,NA,NA,3,NA,NA,NA,NA,NA,NA,NA,NA,NA,NA,NA,NA,1,AsymAD,Jan-46,b4_106_12,6.5,16.63652627,13.30314154,13.46308694,16.08402071,16.81556545,-0.731544743,Banner,FALSE,NA,NA,bnnr,turquoise
bnnr_b17.129C,bnnr_b17,183,NA,MS2,NA,NA,NA,e34,1,1,NA,NA,NA,NA,NA,6,81,NA,1,NA,5,NA,NA,NA,3,NA,NA,NA,NA,NA,NA,NA,NA,NA,NA,NA,NA,3,AD,00-37,b2_004_23,12.5,16.79654398,13.32087306,14.66709069,16.27116818,16.81926717,-0.548098984,Banner,FALSE,NA,NA,bnnr,turquoise
bnnr_b17.130N,bnnr_b17,184,NA,MS2,NA,NA,NA,e23,0,-1,NA,NA,NA,NA,NA,28,75,NA,0,NA,4,NA,NA,NA,2.5,NA,NA,NA,NA,NA,NA,NA,NA,NA,NA,NA,NA,0,Exclude,13-49,b4_201_35,0,16.70871124,13.25972126,12.87942488,16.21754064,16.9892683,-0.771727654,Banner,NA,NA,NA,bnnr,turquoise
bnnr_b17.130C,bnnr_b17,185,NA,MS2,NA,NA,NA,e44,2,2,NA,NA,NA,NA,NA,9,86,NA,0,NA,6,NA,NA,NA,2.33,NA,NA,NA,NA,NA,NA,NA,NA,NA,NA,NA,NA,2,AD,5-Mar,b2_014_04,14,16.67183092,13.30648227,14.68865381,16.552653,16.84360154,-0.290948535,Banner,FALSE,NA,NA,bnnr,turquoise
bnnr_b17.131N,bnnr_b17,186,NA,MS2,NA,NA,NA,e33,0,0,NA,NA,NA,NA,NA,28,78,NA,1,NA,1,NA,NA,NA,2.75,NA,NA,NA,NA,NA,NA,NA,NA,NA,NA,NA,NA,0,Control,Jun-66,b4_145_03,12.75,16.8060992,13.20081523,13.94140969,16.18967547,16.9135985,-0.723923025,Banner,FALSE,NA,GIS,bnnr,turquoise
bnnr_b18.127N,bnnr_b18,189,NA,MS2,NA,NA,NA,e33,0,0,NA,NA,NA,NA,NA,25,93,NA,0,NA,4,NA,NA,NA,3.16,NA,NA,NA,NA,NA,NA,NA,NA,NA,NA,NA,NA,3,AsymAD,7-Nov,b3_180_55,12,16.7247621,13.373555,14.23796262,16.20450928,16.91762805,-0.713118768,Banner,FALSE,NA,NA,bnnr,turquoise
bnnr_b18.127C,bnnr_b18,190,NA,MS2,NA,NA,NA,e33,0,0,NA,NA,NA,NA,NA,15,91,NA,0,NA,5,NA,NA,NA,3.5,NA,NA,NA,NA,NA,NA,NA,NA,NA,NA,NA,NA,3,AD,9-Jun,b2_033_20,15,16.57570158,13.35974366,14.41126219,16.45426676,16.83413343,-0.379866673,Banner,FALSE,NA,NA,bnnr,turquoise
bnnr_b18.128N,bnnr_b18,191,NA,MS2,NA,NA,NA,e33,0,0,NA,NA,NA,NA,NA,27,90,NA,1,NA,3,NA,NA,NA,4,NA,NA,NA,NA,NA,NA,NA,NA,NA,NA,NA,NA,0,Control,00-14,b4_101_06,0,16.74129738,13.32986007,12.53899417,16.12446367,16.84828471,-0.723821047,Banner,FALSE,NA,GIS,bnnr,turquoise
bnnr_b18.128C,bnnr_b18,192,NA,MS2,NA,NA,NA,e34,1,1,NA,NA,NA,NA,NA,19,92,NA,1,NA,5,NA,NA,NA,2,NA,NA,NA,NA,NA,NA,NA,NA,NA,NA,NA,NA,3,AD,Oct-75,b3_070_60,15,16.55901561,13.26502527,14.83252895,16.32229755,16.79913112,-0.476833571,Banner,FALSE,NA,NA,bnnr,turquoise
bnnr_b18.129N,bnnr_b18,193,NA,MS2,NA,NA,NA,e23,0,-1,NA,NA,NA,NA,NA,18,91,NA,0,NA,4,NA,NA,NA,3,NA,NA,NA,NA,NA,NA,NA,NA,NA,NA,NA,NA,3,AD,11-108,b3_075_54,8,16.70790965,13.31593281,13.99520593,16.10660955,16.8462827,-0.739673155,Banner,FALSE,NA,NA,bnnr,turquoise
bnnr_b18.129C,bnnr_b18,194,NA,MS2,NA,NA,NA,e23,0,-1,NA,NA,NA,NA,NA,28,78,NA,0,NA,3,NA,NA,NA,3.33,NA,NA,NA,NA,NA,NA,NA,NA,NA,NA,NA,NA,1,AsymAD,14-Jan,b3_103_15,4,16.51651579,13.29280321,12.50136892,15.95382294,16.6788897,-0.725066765,Banner,FALSE,NA,NA,bnnr,turquoise
bnnr_b18.130N,bnnr_b18,195,NA,MS2,NA,NA,NA,e23,0,-1,NA,NA,NA,NA,NA,20,77,NA,1,NA,4,NA,NA,NA,3.25,NA,NA,NA,NA,NA,NA,NA,NA,NA,NA,NA,NA,3,AD,3-Nov,b3_073_40,12.5,16.87816322,13.33887544,14.45348609,16.23332647,16.88698929,-0.653662821,Banner,FALSE,NA,NA,bnnr,turquoise
bnnr_b18.130C,bnnr_b18,196,NA,MS2,NA,NA,NA,e33,0,0,NA,NA,NA,NA,NA,29,81,NA,1,NA,3,NA,NA,NA,2.25,NA,NA,NA,NA,NA,NA,NA,NA,NA,NA,NA,NA,0,Control,Aug-90,b3_161_57,0,16.72410416,13.26076962,12.45156936,16.14535288,16.86149643,-0.716143546,Banner,FALSE,NA,GIS,bnnr,turquoise
bnnr_b18.131N,bnnr_b18,197,NA,MS2,NA,NA,NA,e33,0,0,NA,NA,NA,NA,NA,0,88,NA,1,NA,5,NA,NA,NA,1.75,NA,NA,NA,NA,NA,NA,NA,NA,NA,NA,NA,NA,3,AD,98-05,b3_100_45,13,16.56349408,13.27770274,14.57846274,16.57463268,16.82468214,-0.250049459,Banner,FALSE,NA,NA,bnnr,turquoise
bnnr_b19.127N,bnnr_b19,200,NA,MS2,NA,NA,NA,e33,0,0,NA,NA,NA,NA,NA,29,78,NA,0,NA,3,NA,NA,NA,2.83,NA,NA,NA,NA,NA,NA,NA,NA,NA,NA,NA,NA,2,AsymAD,Jan-44,b2_105_29,8.83,16.73274218,13.26295219,14.23617058,16.02468586,16.86382656,-0.839140701,Banner,FALSE,NA,NA,bnnr,turquoise
bnnr_b19.127C,bnnr_b19,201,NA,MS2,NA,NA,NA,e44,2,2,NA,NA,NA,NA,NA,17,89,NA,1,NA,5,NA,NA,NA,3.5,NA,NA,NA,NA,NA,NA,NA,NA,NA,NA,NA,NA,3,AD,Nov-47,b2_080_22,15,16.82411163,13.30339819,14.69164553,16.16219079,16.84494447,-0.682753681,Banner,FALSE,NA,NA,bnnr,turquoise
bnnr_b19.128N,bnnr_b19,202,NA,MS2,NA,NA,NA,e33,0,0,NA,NA,NA,NA,NA,28,97,NA,1,NA,3,NA,NA,NA,3,NA,NA,NA,NA,NA,NA,NA,NA,NA,NA,NA,NA,1,AsymAD,Sep-49,b4_167_13,4,16.83324732,13.34742442,12.79551188,16.23049753,16.92671661,-0.696219079,Banner,FALSE,NA,NA,bnnr,turquoise
bnnr_b19.128C,bnnr_b19,203,NA,MS2,NA,NA,NA,e34,1,1,NA,NA,NA,NA,NA,17,80,NA,1,NA,5,NA,NA,NA,2.77,NA,NA,NA,NA,NA,NA,NA,NA,NA,NA,NA,NA,3,AD,18-Oct,b1_064_26,14,16.77412078,13.35669384,14.96979253,16.50864167,16.81351519,-0.304873528,Banner,FALSE,NA,NA,bnnr,turquoise
bnnr_b19.129N,bnnr_b19,204,NA,MS2,NA,NA,NA,e33,0,0,NA,NA,NA,NA,NA,4,89,NA,0,NA,5,NA,NA,NA,3.5,NA,NA,NA,NA,NA,NA,NA,NA,NA,NA,NA,NA,3,AD,Jun-42,b1_036_22,13.5,16.56891841,13.32932675,13.92308176,16.54369861,16.80909808,-0.265399474,Banner,TRUE,PreRegression,NA,bnnr,turquoise
bnnr_b19.129C,bnnr_b19,205,NA,MS2,NA,NA,NA,e34,1,1,NA,NA,NA,NA,NA,0,88,NA,1,NA,6,NA,NA,NA,3,NA,NA,NA,NA,NA,NA,NA,NA,NA,NA,NA,NA,3,AD,Mar-59,b1_023_18,13.75,16.7079096,13.31593276,14.52589683,16.20452829,16.76826969,-0.563741396,Banner,TRUE,PreRegression,NA,bnnr,turquoise
bnnr_b19.130N,bnnr_b19,206,NA,MS2,NA,NA,NA,e33,0,0,NA,NA,NA,NA,NA,29,84,NA,1,NA,2,NA,NA,NA,3,NA,NA,NA,NA,NA,NA,NA,NA,NA,NA,NA,NA,0,Control,19-Apr,b1_122_52,3,16.68989784,13.3298143,13.69234234,16.04294774,16.76569597,-0.722748228,Banner,FALSE,NA,GIS,bnnr,turquoise
bnnr_b19.130C,bnnr_b19,207,NA,MS2,NA,NA,NA,e33,0,0,NA,NA,NA,NA,NA,15,96,NA,0,NA,4,NA,NA,NA,4,NA,NA,NA,NA,NA,NA,NA,NA,NA,NA,NA,NA,3,AD,Jun-60,b4_040_33,14,16.64609464,13.28506128,14.11132649,16.60650895,16.98546545,-0.378956495,Banner,FALSE,NA,NA,bnnr,turquoise
bnnr_b19.131N,bnnr_b19,208,NA,MS2,NA,NA,NA,e33,0,0,NA,NA,NA,NA,NA,30,88,NA,0,NA,3,NA,NA,NA,3.5,NA,NA,NA,NA,NA,NA,NA,NA,NA,NA,NA,NA,2,AsymAD,Jan-51,b4_107_21,10.75,16.6954038,13.30670785,14.5476604,16.06725989,16.85791644,-0.790656553,Banner,FALSE,NA,NA,bnnr,turquoise
bnnr_b20.127N,bnnr_b20,211,NA,MS2,NA,NA,NA,e34,1,1,NA,NA,NA,NA,NA,1,80,NA,1,NA,6,NA,NA,NA,3.16,NA,NA,NA,NA,NA,NA,NA,NA,NA,NA,NA,NA,3,AD,15-Jul,b1_042_03,15,16.55125212,13.31593373,14.23650104,16.23864696,16.62870233,-0.390055368,Banner,TRUE,PreRegression,NA,bnnr,turquoise
bnnr_b20.127C,bnnr_b20,212,NA,MS2,NA,NA,NA,e33,0,0,NA,NA,NA,NA,NA,26,92,NA,1,NA,3,NA,NA,NA,3,NA,NA,NA,NA,NA,NA,NA,NA,NA,NA,NA,NA,2,AsymAD,Jun-57,b1_143_47,8.25,16.6895336,13.30911128,13.8712279,16.12206677,16.71517326,-0.593106496,Banner,FALSE,NA,NA,bnnr,turquoise
bnnr_b20.128N,bnnr_b20,213,NA,MS2,NA,NA,NA,e33,0,0,NA,NA,NA,NA,NA,29,88,NA,0,NA,2,NA,NA,NA,1.25,NA,NA,NA,NA,NA,NA,NA,NA,NA,NA,NA,NA,0,Control,21-Dec,b4_193_42,0,16.86891961,13.37902541,14.49819259,16.18708409,16.87140114,-0.684317052,Banner,FALSE,NA,GIS,bnnr,turquoise
bnnr_b20.128C,bnnr_b20,214,NA,MS2,NA,NA,NA,e33,0,0,NA,NA,NA,NA,NA,29,80,NA,1,NA,4,NA,NA,NA,3,NA,NA,NA,NA,NA,NA,NA,NA,NA,NA,NA,NA,3,AsymAD,18-Apr,b2_121_49,10,16.79849957,13.29075183,12.78281661,16.20984014,16.90468808,-0.694847936,Banner,FALSE,NA,NA,bnnr,turquoise
bnnr_b20.129N,bnnr_b20,215,NA,MS2,NA,NA,NA,e44,2,2,NA,NA,NA,NA,NA,15,82,NA,1,NA,6,NA,NA,NA,4.17,NA,NA,NA,NA,NA,NA,NA,NA,NA,NA,NA,NA,3,AD,Dec-37,b2_088_36,14.5,16.70791024,13.31301299,14.46079556,16.2631468,16.84656724,-0.583420442,Banner,FALSE,NA,NA,bnnr,turquoise
bnnr_b20.129C,bnnr_b20,216,NA,MS2,NA,NA,NA,e34,1,1,NA,NA,NA,NA,NA,13,79,NA,0,NA,6,NA,NA,NA,5,NA,NA,NA,NA,NA,NA,NA,NA,NA,NA,NA,NA,3,AD,5-Oct,b4_062_05,15,16.63717799,13.33557828,14.51588712,16.7153606,16.89367683,-0.178316229,Banner,FALSE,NA,NA,bnnr,turquoise
bnnr_b20.130N,bnnr_b20,217,NA,MS2,NA,NA,NA,e34,1,1,NA,NA,NA,NA,NA,26,84,NA,1,NA,1,NA,NA,NA,2.66,NA,NA,NA,NA,NA,NA,NA,NA,NA,NA,NA,NA,0,Control,2-Jun,b3_135_35,0,16.57980316,13.34205858,12.73647976,16.10463694,16.77106242,-0.66642548,Banner,FALSE,NA,GIS,bnnr,turquoise
bnnr_b20.130C,bnnr_b20,218,NA,MS2,NA,NA,NA,e33,0,0,NA,NA,NA,NA,NA,26,90,NA,0,NA,3,NA,NA,NA,3.5,NA,NA,NA,NA,NA,NA,NA,NA,NA,NA,NA,NA,0,Control,11-Apr,b2_120_05,0,16.82821194,13.3290052,12.60482906,16.11062909,16.78608597,-0.675456882,Banner,FALSE,NA,GIS,bnnr,turquoise
bnnr_b20.131N,bnnr_b20,219,NA,MS2,NA,NA,NA,e34,1,1,NA,NA,NA,NA,NA,25,89,NA,1,NA,6,NA,NA,NA,3,NA,NA,NA,NA,NA,NA,NA,NA,NA,NA,NA,NA,2,AsymAD,1-Aug,b1_049_49,15,16.86089458,13.31228738,14.35869879,16.20452893,16.88132521,-0.67679628,Banner,FALSE,NA,NA,bnnr,turquoise
bnnr_b21.127N,bnnr_b21,222,NA,MS2,NA,NA,NA,e34,1,1,NA,NA,NA,NA,NA,30,85,NA,1,NA,2,NA,NA,NA,1.83,NA,NA,NA,NA,NA,NA,NA,NA,NA,NA,NA,NA,1,Control,Apr-52,b1_125_32,6.25,16.70790972,13.36274216,15.33543797,16.12868999,16.68134963,-0.552659637,Banner,FALSE,NA,GIS,bnnr,turquoise
bnnr_b21.127C,bnnr_b21,223,NA,MS2,NA,NA,NA,e33,0,0,NA,NA,NA,NA,NA,17,87,NA,0,NA,5,NA,NA,NA,3.33,NA,NA,NA,NA,NA,NA,NA,NA,NA,NA,NA,NA,3,AD,28-Apr,b1_025_30,11.25,16.69041574,13.32000946,14.13646012,16.20452841,16.76007933,-0.555550923,Banner,FALSE,NA,NA,bnnr,turquoise
bnnr_b21.128N,bnnr_b21,224,NA,MS2,NA,NA,NA,e33,0,0,NA,NA,NA,NA,NA,25,85,NA,1,NA,1,NA,NA,NA,3.5,NA,NA,NA,NA,NA,NA,NA,NA,NA,NA,NA,NA,0,Control,Jun-53,b2_142_44,0,16.64908245,13.31396264,12.46607752,16.09754992,16.79014604,-0.692596127,Banner,FALSE,NA,GIS,bnnr,turquoise
bnnr_b21.128C,bnnr_b21,225,NA,MS2,NA,NA,NA,e33,0,0,NA,NA,NA,NA,NA,8,83,NA,1,NA,5,NA,NA,NA,1.83,NA,NA,NA,NA,NA,NA,NA,NA,NA,NA,NA,NA,3,AD,Mar-32,b2_018_47,13,16.72595006,13.34156439,14.47410514,16.4605889,16.84739182,-0.386802921,Banner,FALSE,NA,NA,bnnr,turquoise
bnnr_b21.129N,bnnr_b21,226,NA,MS2,NA,NA,NA,e33,0,0,NA,NA,NA,NA,NA,30,99,NA,0,NA,4,NA,NA,NA,3.75,NA,NA,NA,NA,NA,NA,NA,NA,NA,NA,NA,NA,1,AsymAD,Nov-43,b4_185_38,2.5,16.74109394,13.2886804,12.57236994,16.13882722,16.86151595,-0.722688728,Banner,FALSE,NA,NA,bnnr,turquoise
bnnr_b21.129C,bnnr_b21,227,NA,MS2,NA,NA,NA,e34,1,1,NA,NA,NA,NA,NA,19,80,NA,1,NA,5,NA,NA,NA,2.5,NA,NA,NA,NA,NA,NA,NA,NA,NA,NA,NA,NA,3,AD,18-Sep,b1_060_33,15,16.67829981,13.2912098,14.1148212,16.81677408,16.84674221,-0.029968127,Banner,FALSE,NA,NA,bnnr,turquoise
bnnr_b21.130N,bnnr_b21,228,NA,MS2,NA,NA,NA,e33,0,0,NA,NA,NA,NA,NA,28,90,NA,0,NA,3,NA,NA,NA,4.25,NA,NA,NA,NA,NA,NA,NA,NA,NA,NA,NA,NA,3,AsymAD,10-Jul,b3_147_33,10.5,16.50949953,13.36314575,14.18639902,16.08550359,16.73716255,-0.651658962,Banner,FALSE,NA,NA,bnnr,turquoise
bnnr_b21.130C,bnnr_b21,229,NA,MS2,NA,NA,NA,e44,2,2,NA,NA,NA,NA,NA,5,76,NA,0,NA,5,NA,NA,NA,2.58,NA,NA,NA,NA,NA,NA,NA,NA,NA,NA,NA,NA,3,AD,13-15,b1_090_44,15,16.75076315,13.3081221,14.6354852,17.3160342,17.01484505,0.301189149,Banner,FALSE,NA,NA,bnnr,turquoise
bnnr_b21.131N,bnnr_b21,230,NA,MS2,NA,NA,NA,e23,0,-1,NA,NA,NA,NA,NA,21,89,NA,1,NA,5,NA,NA,NA,2.2,NA,NA,NA,NA,NA,NA,NA,NA,NA,NA,NA,NA,3,AD,27-Nov,b3_079_58,12.5,16.79337347,13.3160045,14.16036061,16.23214506,16.8768118,-0.644666739,Banner,FALSE,NA,NA,bnnr,turquoise
bnnr_b22.127N,bnnr_b22,233,NA,MS2,NA,NA,NA,e34,1,1,NA,NA,NA,NA,NA,1,92,NA,0,NA,5,NA,NA,NA,3.66,NA,NA,NA,NA,NA,NA,NA,NA,NA,NA,NA,NA,3,AD,28-Feb,b1_010_51,12.5,16.58394522,13.28617004,14.23376245,16.84377401,16.84946884,-0.005694829,Banner,FALSE,NA,NA,bnnr,turquoise
bnnr_b22.127C,bnnr_b22,234,NA,MS2,NA,NA,NA,e44,2,2,NA,NA,NA,NA,NA,11,83,NA,1,NA,5,NA,NA,NA,3,NA,NA,NA,NA,NA,NA,NA,NA,NA,NA,NA,NA,3,AD,Nov-59,b1_083_42,10,16.72722009,13.29275933,15.88222636,16.20452896,16.75386513,-0.549336171,Banner,FALSE,NA,NA,bnnr,turquoise
bnnr_b22.128N,bnnr_b22,235,NA,MS2,NA,NA,NA,e33,0,0,NA,NA,NA,NA,NA,0,68,NA,0,NA,6,NA,NA,NA,4.16,NA,NA,NA,NA,NA,NA,NA,NA,NA,NA,NA,NA,3,AD,16-Oct,b4_063_15,15,16.61574614,13.34743701,14.9790567,16.60392696,16.95200704,-0.34808008,Banner,FALSE,NA,NA,bnnr,turquoise
bnnr_b22.128C,bnnr_b22,236,NA,MS2,NA,NA,NA,e23,0,-1,NA,NA,NA,NA,NA,30,87,NA,0,NA,3,NA,NA,NA,2,NA,NA,NA,NA,NA,NA,NA,NA,NA,NA,NA,NA,2,AsymAD,18-May,b3_130_59,5,16.72826252,13.30300713,13.30212273,16.1252819,16.84256072,-0.717278823,Banner,FALSE,NA,NA,bnnr,turquoise
bnnr_b22.129N,bnnr_b22,237,NA,MS2,NA,NA,NA,e33,0,0,NA,NA,NA,NA,NA,3,87,NA,1,NA,6,NA,NA,NA,3.13,NA,NA,NA,NA,NA,NA,NA,NA,NA,NA,NA,NA,3,AD,Nov-48,b3_081_22,15,16.70836542,13.34040662,14.69672195,16.35507056,16.84602854,-0.490957977,Banner,FALSE,NA,NA,bnnr,turquoise
bnnr_b22.129C,bnnr_b22,238,NA,MS2,NA,NA,NA,e33,0,0,NA,NA,NA,NA,NA,21,87,NA,1,NA,4,NA,NA,NA,2.45,NA,NA,NA,NA,NA,NA,NA,NA,NA,NA,NA,NA,2,AD,13-08,b1_198_12,1.5,16.85206481,13.32118587,12.57769104,16.14385698,16.84172189,-0.69786491,Banner,FALSE,NA,NA,bnnr,turquoise
bnnr_b22.130N,bnnr_b22,239,NA,MS2,NA,NA,NA,e33,0,0,NA,NA,NA,NA,NA,30,93,NA,1,NA,1,NA,NA,NA,3,NA,NA,NA,NA,NA,NA,NA,NA,NA,NA,NA,NA,0,Control,Oct-39,b1_169_10,0,16.78714614,13.31554237,12.65458433,16.1484741,16.89655175,-0.748077655,Banner,FALSE,NA,GIS,bnnr,turquoise
bnnr_b22.130C,bnnr_b22,240,NA,MS2,NA,NA,NA,e33,0,0,NA,NA,NA,NA,NA,0,75,NA,1,NA,5,NA,NA,NA,3,NA,NA,NA,NA,NA,NA,NA,NA,NA,NA,NA,NA,3,AD,Apr-54,b2_026_13,13.25,16.70758356,13.38938304,14.32890578,16.79630205,16.89116404,-0.094861996,Banner,FALSE,NA,NA,bnnr,turquoise
bnnr_b22.131N,bnnr_b22,241,NA,MS2,NA,NA,NA,e33,0,0,NA,NA,NA,NA,NA,28,82,NA,1,NA,3,NA,NA,NA,4,NA,NA,NA,NA,NA,NA,NA,NA,NA,NA,NA,NA,1,AsymAD,Oct-90,b2_176_12,0.5,16.5778733,13.31593278,13.65592703,16.10174365,16.80095963,-0.699215985,Banner,FALSE,NA,NA,bnnr,turquoise
rmap_b04.127N,rmap_b04,274,F01,MS2,50106316,MAP ,ROSMAP,e33,0,0,83.11,5,1,1,-1.7,16,89.2,8,0,1,4,4,0.08,3,7.78,0,0,0,NA,NA,NA,0.24,3.16,0.02,0,0,1206,0,Exclude,NA,NA,NA,16.85908135,13.16428698,12.88387535,16.17799729,16.91650799,-0.738510705,ROSMAP,NA,NA,NA,rmap,blue
rmap_b04.127C,rmap_b04,275,F01,MS2,22776575,MAP ,ROSMAP,e34,1,1,NA,1,2,2,0.48,30,89.1,16,0,1,3,3,0.2,3,5.08,0.62,1.37,0,165.23,2.16,0.72,0.25,2.2,0,0.5,2,1295,1,AsymAD,NA,NA,NA,16.59750793,13.15196413,13.84464474,16.08347621,16.82654129,-0.743065085,ROSMAP,FALSE,NA,NA,rmap,blue
rmap_b04.128N,rmap_b04,276,F01,MS2,10551157,ROS ,ROSMAP,e33,0,0,NA,2,2,1,-0.24,30,85.18,22,1,1,3,1,0.78,2,8.58,4.56,6.86,3,NA,NA,NA,0.16,2.82,0.01,1.67,2,1400,3,AsymAD,NA,NA,NA,16.77419655,13.18821505,15.42109485,16.09292922,16.84418958,-0.751260353,ROSMAP,FALSE,NA,NA,rmap,blue
rmap_b04.128C,rmap_b04,277,F01,MS2,70625336,MAP ,ROSMAP,e34,1,1,NA,1,1,2,-0.32,28,81.5,11,0,1,2,4,0.01,3,3.65,0,0,0,162.53,10.14,1.39,0.04,0.47,0,0.5,2,1146,0,Control,NA,NA,NA,16.60128038,13.21804489,12.91391167,16.02991889,16.83969038,-0.809771485,ROSMAP,FALSE,NA,GIS,rmap,blue
rmap_b04.129N,rmap_b04,278,F01,MS2,20233939,ROS ,ROSMAP,e33,0,0,NA,2,1,2,-0.46,25,100.82,20,0,1,4,2,0.67,2,3.83,3.41,2.96,0,NA,NA,NA,0.61,4.64,0.05,0.83,3,938,2,AsymAD,NA,NA,NA,16.74614285,13.40794506,16.02571947,16.09330164,16.79711934,-0.703817699,ROSMAP,FALSE,NA,NA,rmap,blue
rmap_b04.129C,rmap_b04,279,F01,MS2,72560222,MAP ,ROSMAP,e33,0,0,NA,1,1,2,0.36,28,83.96,12,0,1,3,3,0.44,3,6.5,7.45,9.6,0,NA,NA,NA,0.06,0.18,0,0.5,1,1333,1,AsymAD,NA,NA,NA,16.69401574,13.54266615,12.9063079,16.21105718,16.8043313,-0.59327412,ROSMAP,FALSE,NA,NA,rmap,blue
rmap_b04.130N,rmap_b04,280,F01,MS2,20153984,ROS ,ROSMAP,e33,0,0,NA,1,2,2,0.64,29,78.55,16,0,1,4,1,0.93,2,24.08,7.41,10.06,0,NA,NA,NA,0.47,3.61,0.11,0,0,1190,3,AsymAD,NA,NA,NA,16.86874581,13.5492066,16.08436563,16.26246401,16.92930129,-0.66683728,ROSMAP,FALSE,NA,NA,rmap,blue
rmap_b04.130C,rmap_b04,281,F01,MS2,20656964,ROS ,ROSMAP,e33,0,0,NA,1,1,2,-0.47,29,71.31,18,0,1,3,2,0.89,2,7.8,1.76,2.64,0,NA,NA,NA,0.08,0.31,0,0,0,1270,2,AsymAD,NA,NA,NA,16.96746699,13.69776852,14.49656035,16.58919381,16.97113367,-0.381939861,ROSMAP,TRUE,PostRegression,NA,rmap,blue
rmap_b06.127N,rmap_b06,294,F02,MS2,30711043,MAP ,ROSMAP,e24,1,0,NA,1,2,2,0.03,30,85.83,11,1,2,4,1,1.28,2,6.5,6.89,11.9,0,NA,NA,NA,0.54,10.99,0.23,0,0,1200,3,AsymAD,NA,NA,NA,16.90488381,13.34372609,14.512694,16.14742982,16.81956443,-0.672134609,ROSMAP,FALSE,NA,NA,rmap,blue
rmap_b06.127C,rmap_b06,295,F02,MS2,27313862,MAP ,ROSMAP,e22,0,-2,NA,1,2,2,0.4,28,97.21,16,0,1,3,3,0.18,3,4.83,2.58,3.65,0,179.11,8.37,1.34,0.2,3.02,0.01,2.5,3,1050,1,AsymAD,NA,NA,NA,16.99268259,13.27126519,13.40702884,16.27918248,17.01735908,-0.738176602,ROSMAP,FALSE,NA,NA,rmap,blue
rmap_b06.128N,rmap_b06,296,F02,MS2,7311370,MAP ,ROSMAP,e33,0,0,NA,2,1,2,-0.58,22,89.47,18,1,1,3,2,0.71,2,7.58,9.97,17.59,3,184.58,11.52,3.64,0.2,3.46,0.01,0,0,1405,2,AD,NA,NA,NA,16.815409,13.26106534,14.58012782,16.12991336,16.8293092,-0.699395844,ROSMAP,FALSE,NA,NA,rmap,blue
rmap_b06.128C,rmap_b06,297,F02,MS2,50300084,MAP ,ROSMAP,e33,0,0,NA,1,2,2,0.2,30,95,14,0,1,2,4,0.02,3,4.95,0.14,0,0,158.26,0.66,0,0.05,1.38,0,0.5,2,1064,0,Control,NA,NA,NA,16.78826112,13.23256323,11.86875218,16.06419357,16.81458269,-0.750389119,ROSMAP,FALSE,NA,GIS,rmap,blue
rmap_b06.129N,rmap_b06,298,F02,MS2,10484873,ROS ,ROSMAP,e33,0,0,87.52,4,2,2,-0.61,15,87.86,9,1,1,2,4,0.01,3,4.15,0,0,0,NA,NA,NA,0.02,0.7,0,1.67,3,992,0,Exclude,NA,NA,NA,16.73249781,13.23712429,11.97544866,16.2079174,16.86243807,-0.65452067,ROSMAP,NA,NA,NA,rmap,blue
rmap_b06.129C,rmap_b06,299,F02,MS2,92371267,MAP ,ROSMAP,e33,0,0,NA,2,1,2,-1.33,24,88.16,15,0,1,5,1,2.08,1,4.77,11.74,10.54,0,NA,NA,NA,2.64,18.03,8.14,0,0,1036,3,AsymAD,NA,NA,NA,16.69019398,13.4007728,14.49282006,16.25085317,16.9460226,-0.695169424,ROSMAP,FALSE,NA,NA,rmap,blue
rmap_b06.130N,rmap_b06,300,F02,MS2,4127190,MAP ,ROSMAP,e23,0,-1,NA,1,1,2,0.57,29,88.64,20,0,1,2,4,0.02,3,18.17,0,0,0,250.95,16.64,3.17,0.05,0.23,0,0.67,1,979,0,Control,NA,NA,NA,16.59546881,13.36538017,11.85758673,16.06977825,16.79706314,-0.727284889,ROSMAP,FALSE,NA,GIS,rmap,blue
rmap_b06.130C,rmap_b06,301,F02,MS2,20282974,ROS ,ROSMAP,e24,1,0,NA,1,2,2,-0.42,26,97.55,22,0,1,4,1,1.68,2,13.83,11.68,17.26,0,NA,NA,NA,1.4,8.05,0,0,0,1200,3,AsymAD,NA,NA,NA,16.68121444,13.39968569,15.05661881,16.07557513,16.89557303,-0.819997902,ROSMAP,FALSE,NA,NA,rmap,blue
rmap_b07.127N,rmap_b07,304,F03,MS2,20282398,ROS ,ROSMAP,e34,1,1,NA,2,1,2,-0.12,28,87.45,18,0,1,3,1,0.57,2,4.08,5.69,7.79,0,NA,NA,NA,0.18,3.07,0,0,0,1107,3,AsymAD,NA,NA,NA,16.93361741,13.40581319,14.68951427,16.13214722,16.82852091,-0.696373688,ROSMAP,FALSE,NA,NA,rmap,blue
rmap_b07.127C,rmap_b07,305,F03,MS2,34287534,MAP ,ROSMAP,e23,0,-1,92.07,5,1,2,-1.48,13.93,93.02,13,0,1,4,4,0.22,3,6.33,0.94,1.84,0,207.03,3.33,0.43,0.48,6.87,0.15,0,0,1112,0,Exclude,NA,NA,NA,16.88994855,13.25503097,13.12071972,16.19422192,16.92154142,-0.727319502,ROSMAP,NA,NA,NA,rmap,blue
rmap_b07.128N,rmap_b07,306,F03,MS2,20439591,ROS ,ROSMAP,e33,0,0,88.79,5,1,2,-2.84,16,95.32,20,0,1,2,2,0.2,3,5.42,1.34,1.97,3,NA,NA,NA,0.07,1.23,0,1.5,3,1110,2,Exclude,NA,NA,NA,16.8109647,13.26417771,15.03781077,16.13358453,16.81010559,-0.676521058,ROSMAP,NA,NA,NA,rmap,blue
rmap_b07.128C,rmap_b07,307,F03,MS2,47652086,MAP ,ROSMAP,e33,0,0,NA,1,2,2,0.8,30,87.34,16,0,1,3,4,0.06,3,6.27,0,0,0,NA,NA,NA,0.1,2.19,0.03,0,0,1247,0,Control,NA,NA,NA,16.7125612,13.36905727,12.60110275,16.14018701,16.80165084,-0.661463836,ROSMAP,FALSE,NA,GIS,rmap,blue
rmap_b07.129N,rmap_b07,308,F03,MS2,20603141,ROS ,ROSMAP,e23,0,-1,90.7,4,2,2,-1.08,25,91.24,16,0,1,3,3,0.23,3,5,0.8,0.31,3,NA,NA,NA,0.18,1.52,0,0,0,1225,1,AsymAD,NA,NA,NA,16.50669054,13.22334505,13.30447581,16.08509491,16.77828614,-0.693191234,ROSMAP,FALSE,NA,NA,rmap,blue
rmap_b07.129C,rmap_b07,309,F03,MS2,20280666,ROS ,ROSMAP,e33,0,0,NA,1,1,2,0.12,27.6,101.09,18,0,1,4,4,0.68,3,4.4,3.56,5.17,0,NA,NA,NA,0.48,5.42,0.01,0,0,1155,0,Exclude,NA,NA,NA,16.75152995,13.43662871,15.01587742,16.2082091,16.86572759,-0.657518493,ROSMAP,NA,NA,NA,rmap,blue
rmap_b07.130N,rmap_b07,310,F03,MS2,50102790,MAP ,ROSMAP,e33,0,0,88.82,4,2,2,-3.32,0,92.01,12,0,1,5,1,1.94,1,4.33,12.74,15.94,0,74.48,12,3.73,2.47,17.88,13.31,0,0,985,3,AD,NA,NA,NA,16.75098432,13.32190413,14.46439328,16.60556014,16.94731813,-0.34175799,ROSMAP,FALSE,NA,NA,rmap,blue
rmap_b07.130C,rmap_b07,311,F03,MS2,50102376,MAP ,ROSMAP,e33,0,0,90.14,4,2,2,-0.79,22,91.09,16,1,1,4,2,0.22,2,9.5,1.3,4.86,0,NA,NA,NA,0.23,4.85,0.01,0,0,1250,2,AD,NA,NA,NA,16.52853719,13.30318617,13.74103892,16.10141084,16.85761113,-0.756200293,ROSMAP,FALSE,NA,NA,rmap,blue
rmap_b08.127N,rmap_b08,314,F04,MS2,35072859,MAP ,ROSMAP,e33,0,0,NA,1,1,2,0.17,27,92.8,12,0,1,4,2,0.84,2,6.78,5.39,8.89,0,NA,NA,NA,0.2,1.8,0.04,0,0,1025,2,AsymAD,NA,NA,NA,17.14903132,13.31014788,14.5343138,16.16510738,16.9339767,-0.768869322,ROSMAP,FALSE,NA,NA,rmap,blue
rmap_b08.127C,rmap_b08,315,F04,MS2,95442315,MAP ,ROSMAP,e23,0,-1,NA,1,2,2,-0.2,29,75.89,13,0,2,2,3,0.37,3,11.6,0.27,0.79,0,112.93,1.58,0.19,0.04,1.08,0,0,0,1122,1,Control,NA,NA,NA,16.53000693,13.33628408,13.70499687,16.15746001,16.92477047,-0.767310462,ROSMAP,FALSE,NA,GIS,rmap,blue
rmap_b08.128N,rmap_b08,316,F04,MS2,72777797,MAP ,ROSMAP,e33,0,0,NA,1,2,2,0.82,28,91.8,21,1,1,2,4,0.02,3,6.87,0,0,0,NA,NA,NA,0.05,1.34,0.15,0,0,1264,0,Control,NA,NA,NA,17.05350688,13.30220327,12.02216851,16.26463367,16.87570992,-0.611076245,ROSMAP,FALSE,NA,GIS,rmap,blue
rmap_b08.128C,rmap_b08,317,F04,MS2,52940446,MAP ,ROSMAP,e33,0,0,NA,2,2,2,-0.94,26,87.37,14,0,1,5,1,1.81,1,4.25,13.74,20.34,0,288.49,26.27,6.39,2.58,9.76,12.39,1.67,3,1052,3,AsymAD,NA,NA,NA,16.71209728,13.41254917,14.68057051,16.88639084,16.92044946,-0.034058615,ROSMAP,FALSE,NA,NA,rmap,blue
rmap_b08.129N,rmap_b08,318,F04,MS2,91921829,MAP ,ROSMAP,e33,0,0,NA,1,2,2,0.09,29,89.3,16,0,1,3,3,0.22,3,4.75,0,0,0,238.32,8.3,1.59,0.37,4.77,0.01,0,0,1086,1,AsymAD,NA,NA,NA,16.78435909,13.28127302,12.50345282,16.01686111,16.74138793,-0.724526824,ROSMAP,FALSE,NA,NA,rmap,blue
rmap_b08.129C,rmap_b08,319,F04,MS2,17929065,MAP ,ROSMAP,e33,0,0,NA,1,1,2,-0.32,27,91.38,12,0,1,2,3,0.16,3,8.58,1,1.45,0,NA,NA,NA,0.13,1.84,0,0.17,1,1200,1,Control,NA,NA,NA,16.74750311,13.27952992,12.83228725,16.11139931,16.80324672,-0.691847412,ROSMAP,FALSE,NA,GIS,rmap,blue
rmap_b08.130N,rmap_b08,320,F04,MS2,10518782,ROS ,ROSMAP,e33,0,0,84.53,4,2,2,-0.89,27,87.57,22,1,1,5,1,1.06,1,9,0.74,0.55,3,NA,NA,NA,1.18,11.83,2.01,0,0,1470,3,AsymAD,NA,NA,NA,16.76559407,13.28222256,14.45289046,16.08571037,16.80708927,-0.721378892,ROSMAP,FALSE,NA,NA,rmap,blue
rmap_b08.130C,rmap_b08,321,F04,MS2,20613887,ROS ,ROSMAP,e33,0,0,NA,2,2,2,-0.78,25,88.02,18,0,1,5,1,1.04,1,4.75,1.58,1.67,NA,NA,NA,NA,0.57,9.25,0.8,0,0,1122,3,AsymAD,NA,NA,NA,16.39957386,13.32365902,14.295718,16.01824287,16.79517149,-0.776928617,ROSMAP,FALSE,NA,NA,rmap,blue
rmap_b09.127N,rmap_b09,324,F05,MS2,73763467,MAP ,ROSMAP,e33,0,0,NA,2,2,2,-0.7,24,96.39,13,0,1,4,2,0.31,2,5.93,3.01,2.89,0,NA,NA,NA,0.37,6.24,0,0,0,1226,2,AsymAD,NA,NA,NA,16.67848052,13.3019661,13.96780808,15.9484687,16.82309756,-0.874628862,ROSMAP,FALSE,NA,NA,rmap,blue
rmap_b09.127C,rmap_b09,325,F05,MS2,94852511,MAP ,ROSMAP,e33,0,0,NA,3,2,2,-0.51,24,82.21,16,0,1,4,3,0.13,3,6.5,0.58,1.37,0,NA,NA,NA,0.23,2.27,0,0,0,1247,1,AsymAD,NA,NA,NA,16.91272417,13.23825249,13.54464054,16.1817137,16.93034077,-0.748627073,ROSMAP,FALSE,NA,NA,rmap,blue
rmap_b09.128N,rmap_b09,326,F05,MS2,87410220,MAP ,ROSMAP,e33,0,0,NA,1,2,2,0.65,28,84.31,16,0,1,2,2,0.62,3,7.08,10.78,14.35,2,228.11,14.87,4.27,0.04,0.37,0,0,0,1250,2,Exclude,NA,NA,NA,16.83751846,13.31333636,15.00500521,16.10878466,16.75804316,-0.649258498,ROSMAP,NA,NA,NA,rmap,blue
rmap_b09.128C,rmap_b09,327,F05,MS2,20674038,ROS ,ROSMAP,e33,0,0,93.68,4,2,2,-2.27,27,94.71,16,0,1,4,2,0.79,2,7.33,10.39,15.71,0,NA,NA,NA,0.33,1.58,0,0,0,1139,2,AsymAD,NA,NA,NA,17.00517501,13.46576678,15.30662481,16.23012277,16.95488291,-0.724760141,ROSMAP,FALSE,NA,NA,rmap,blue
rmap_b09.129N,rmap_b09,328,F05,MS2,46246604,MAP ,ROSMAP,e33,0,0,NA,1,2,2,-0.22,29,89.45,10,0,1,4,4,0.12,3,3.75,1.33,0.93,0,242.63,12.94,2.84,0.21,2.87,0.07,1.5,3,1197,0,Exclude,NA,NA,NA,16.58497465,13.3318331,13.8181088,16.13402773,16.84466995,-0.710642213,ROSMAP,NA,NA,NA,rmap,blue
rmap_b09.129C,rmap_b09,329,F05,MS2,32016379,MAP ,ROSMAP,e33,0,0,NA,1,2,2,-0.79,23,92.74,12,0,1,4,1,1.27,2,5.67,10.5,13.95,0,NA,NA,NA,0.86,6.65,0.04,0,0,937,3,AD,NA,NA,NA,16.56869642,13.27080978,15.66503599,16.18138431,16.84104011,-0.659655794,ROSMAP,FALSE,NA,NA,rmap,blue
rmap_b09.130N,rmap_b09,330,F05,MS2,10986136,ROS ,ROSMAP,e34,1,1,NA,2,2,2,0.37,29,79.54,18,1,1,4,4,0.06,3,15.08,0,0,0,NA,NA,NA,0.19,0.03,0,0.5,1,1430,0,Exclude,NA,NA,NA,17.1001645,13.31309143,12.7845446,16.13175179,16.94725336,-0.815501571,ROSMAP,NA,NA,NA,rmap,blue
rmap_b09.130C,rmap_b09,331,F05,MS2,65001607,MAP ,ROSMAP,e33,0,0,NA,2,2,2,-0.08,28,92.62,15,0,1,4,3,0.51,3,6.65,1.76,1.59,0,89.23,4.2,0,0.22,1.7,0,0.5,2,1130,1,AsymAD,NA,NA,NA,16.36464703,13.31699812,13.49194342,16.12765356,16.83036834,-0.70271478,ROSMAP,FALSE,NA,NA,rmap,blue
rmap_b10.127N,rmap_b10,334,F06,MS2,20654818,ROS ,ROSMAP,e34,1,1,74.61,6,1,2,-2.88,5,77.28,16,0,1,3,2,0.52,2,3.68,1.19,2.21,3,NA,NA,NA,0.2,2.48,0.08,0,0,1100,2,AD,NA,NA,NA,17.1328527,13.38147655,15.0508911,16.05652189,16.85900099,-0.802479104,ROSMAP,FALSE,NA,NA,rmap,blue
rmap_b10.127C,rmap_b10,335,F06,MS2,50400835,MAP ,ROSMAP,e23,0,-1,NA,1,2,2,-0.06,29,86.7,14,1,1,1,4,0.01,3,3.88,0.09,0.7,0,309.05,21.32,3.77,0.03,0.09,0,0,0,1238,0,Control,NA,NA,NA,16.74638023,13.3046209,12.24054817,16.02409621,16.81761517,-0.793518959,ROSMAP,FALSE,NA,GIS,rmap,blue
rmap_b10.128N,rmap_b10,336,F06,MS2,20207437,ROS ,ROSMAP,e33,0,0,78.59,4,2,2,-2.3,1,87.13,20,0,1,6,1,2.58,1,4.92,9.31,11.58,3,NA,NA,NA,5.28,10.95,4.26,1.83,3,1080,3,AD,NA,NA,NA,16.77007457,13.31951321,14.86433535,17.70984845,17.01094403,0.698904419,ROSMAP,FALSE,NA,NA,rmap,blue
rmap_b10.128C,rmap_b10,337,F06,MS2,54559063,MAP ,ROSMAP,e23,0,-1,NA,2,2,2,-0.12,28,90.61,18,0,3,4,1,0.65,2,12.5,1.27,0.84,0,136.45,2.76,0.74,0.25,1.97,0.01,0.17,1,1101,3,AsymAD,NA,NA,NA,16.59013411,13.25909148,14.0487999,15.8903417,16.7239615,-0.833619802,ROSMAP,FALSE,NA,NA,rmap,blue
rmap_b10.129N,rmap_b10,338,F06,MS2,20774339,ROS ,ROSMAP,e33,0,0,NA,2,2,2,0.33,28,84.56,16,0,1,2,3,0.16,3,4.5,2.07,1.29,2,NA,NA,NA,0.05,1.57,0.12,0,0,1050,1,Control,NA,NA,NA,16.77367821,13.2714584,13.20628756,16.23576677,16.81678549,-0.581018723,ROSMAP,FALSE,NA,GIS,rmap,blue
rmap_b10.129C,rmap_b10,339,F06,MS2,10291856,ROS ,ROSMAP,e33,0,0,NA,1,1,2,0.07,30,78.67,12,1,1,1,4,0,3,7,0,0,0,NA,NA,NA,0.01,0.19,0.01,0,0,1450,0,Control,NA,NA,NA,17.06445398,13.2364849,11.86387827,16.20711752,16.9791745,-0.772056985,ROSMAP,FALSE,NA,GIS,rmap,blue
rmap_b10.130N,rmap_b10,340,F06,MS2,57978468,MAP ,ROSMAP,e34,1,1,89.67,4,2,2,-1.77,9,91.23,13,0,1,5,1,2.2,1,5.63,8.74,4.6,3,256.12,10.98,1.98,4.13,6.96,7.13,3.83,3,988,3,AD,NA,NA,NA,16.7106323,13.34599827,15.49617615,16.98621726,16.87933353,0.106883727,ROSMAP,FALSE,NA,NA,rmap,blue
rmap_b10.130C,rmap_b10,341,F06,MS2,24141372,MAP ,ROSMAP,e33,0,0,NA,1,2,2,0.15,29,85.26,16,0,1,3,2,0.3,2,6.37,3.37,8.63,0,183.85,8.42,2.08,0.16,1.56,0,0.5,1,1109,2,AsymAD,NA,NA,NA,16.3985766,13.37169068,13.78832505,15.90401108,16.6947818,-0.790770726,ROSMAP,FALSE,NA,NA,rmap,blue
rmap_b12.127N,rmap_b12,354,F07,MS2,21126823,ROS ,ROSMAP,e33,0,0,NA,2,2,2,-0.13,27,92.67,18,0,1,1,4,0.08,3,6.28,0,0,0,NA,NA,NA,0.02,0.96,0,0,0,1110,0,Control,NA,NA,NA,16.68497209,13.4166958,11.70950809,16.10326128,16.81085613,-0.707594853,ROSMAP,FALSE,NA,GIS,rmap,blue
rmap_b12.127C,rmap_b12,355,F07,MS2,20151388,ROS ,ROSMAP,e33,0,0,79.99,4,2,2,-1.64,16,83.27,16,0,1,5,1,1.28,1,5.42,4.38,6.2,NA,NA,NA,NA,0.91,3.2,0,0,0,1140,3,AD,NA,NA,NA,16.7539848,13.28781974,13.62851225,16.10114196,16.8453868,-0.744244835,ROSMAP,FALSE,NA,NA,rmap,blue
rmap_b12.128N,rmap_b12,356,F07,MS2,20474300,ROS ,ROSMAP,e34,1,1,80.99,4,2,2,-3.69,5,86.35,18,0,1,5,1,1.84,1,6.03,6.17,7.22,3,NA,NA,NA,0.67,12.43,6.03,3.17,3,1038,3,AD,NA,NA,NA,16.89366411,13.32195272,14.59745942,16.24579854,16.76291841,-0.517119864,ROSMAP,FALSE,NA,NA,rmap,blue
rmap_b12.128C,rmap_b12,357,F07,MS2,20965598,ROS ,ROSMAP,e33,0,0,89.81,4,2,2,-1.11,23,90.34,16,0,1,3,2,0.89,2,19.58,1.6,2.02,3,NA,NA,NA,0.39,2.36,0.01,0,0,1030,2,AD,NA,NA,NA,16.64710941,13.31079526,13.63111885,15.96186208,16.83834911,-0.876487025,ROSMAP,FALSE,NA,NA,rmap,blue
rmap_b12.129N,rmap_b12,358,F07,MS2,53965805,MAP ,ROSMAP,e33,0,0,NA,1,2,1,-1.01,22,78.12,8,0,1,3,4,0.16,3,24.13,0.26,1.75,3,NA,NA,NA,0.12,2.36,0,0,0,1209,0,Exclude,NA,NA,NA,16.75335625,13.30422236,13.17324402,16.34292345,16.89565154,-0.552728095,ROSMAP,NA,NA,NA,rmap,blue
rmap_b12.129C,rmap_b12,359,F07,MS2,71648351,MAP ,ROSMAP,e33,0,0,90.37,4,2,2,-1.47,5,93.8,20,0,1,3,1,0.52,2,3.45,9.15,19.1,0,NA,NA,NA,0.33,4.58,0.13,0,0,1120,3,AD,NA,NA,NA,16.88311549,13.32065387,14.26185364,16.04699141,16.77716847,-0.730177057,ROSMAP,FALSE,NA,NA,rmap,blue
rmap_b12.130N,rmap_b12,360,F07,MS2,68778359,MAP ,ROSMAP,e34,1,1,92.38,4,2,2,-0.83,25,96.54,16,0,1,5,2,1.14,2,21.73,12.27,13.76,3,NA,NA,NA,1.46,15.19,7.12,1.17,3,972,2,AsymAD,NA,NA,NA,16.5206094,13.35182496,14.14770772,16.16748979,16.86226034,-0.694770546,ROSMAP,FALSE,NA,NA,rmap,blue
rmap_b12.130C,rmap_b12,361,F07,MS2,40611041,MAP ,ROSMAP,e34,1,1,84.26,4,1,2,-3.92,0,93.57,12,0,1,5,1,0.99,1,7.7,9.44,7.99,2,NA,NA,NA,0.91,22.52,11.74,2.83,3,1061,3,AD,NA,NA,NA,17.01732374,13.26837645,14.64478866,16.30617684,16.92483831,-0.618661476,ROSMAP,FALSE,NA,NA,rmap,blue
rmap_b13.127N,rmap_b13,364,F08,MS2,31509843,MAP ,ROSMAP,e33,0,0,NA,1,2,2,0.42,26,76.39,12,1,1,0,4,0,4,4.83,1.47,2.67,0,209.56,3.01,0,0,0.14,0,0.83,3,1300,0,Control,NA,NA,NA,16.73399386,13.30113068,12.98739228,16.29260124,16.87106526,-0.578464018,ROSMAP,FALSE,NA,GIS,rmap,blue
rmap_b13.127C,rmap_b13,365,F08,MS2,50302680,MAP ,ROSMAP,e33,0,0,95.38,2,2,2,-0.55,26,97.62,14,0,1,5,2,1.71,2,8.58,17.34,23.22,2,217.24,5.48,1.17,1.39,7.18,0.12,0,0,1094,2,AsymAD,NA,NA,NA,16.61891656,13.31334639,15.39711137,16.05664658,16.74330744,-0.686660861,ROSMAP,FALSE,NA,NA,rmap,blue
rmap_b13.128N,rmap_b13,366,F08,MS2,6073025,MAP ,ROSMAP,e33,0,0,NA,1,2,2,-0.63,27,85.41,13,0,1,3,1,0.79,2,8.5,1.42,1.25,0,20.06,0,0,0.26,0.94,0,0,0,1200,3,AsymAD,NA,NA,NA,16.39927257,13.27317489,15.07099357,16.05713639,16.82522948,-0.768093096,ROSMAP,FALSE,NA,NA,rmap,blue
rmap_b13.128C,rmap_b13,367,F08,MS2,70816595,MAP ,ROSMAP,e33,0,0,NA,1,2,2,0.17,27,90.54,13,1,1,2,4,0.03,3,4.58,0.39,0.9,0,94.5,0,0,0.1,1.5,0.01,0.5,1,1220,0,Control,NA,NA,NA,16.66716305,13.32817419,12.90473823,16.06273319,16.83904057,-0.776307376,ROSMAP,FALSE,NA,GIS,rmap,blue
rmap_b13.129N,rmap_b13,368,F08,MS2,46910335,MAP ,ROSMAP,e24,1,0,NA,2,1,2,-0.02,28,88.83,16,0,1,4,2,1.03,2,8.08,11.78,13.08,0,NA,NA,NA,0.31,3.33,0.12,0,0,1371,2,AsymAD,NA,NA,NA,16.8278356,13.19706896,15.55726907,16.11486564,16.77925818,-0.664392536,ROSMAP,FALSE,NA,NA,rmap,blue
rmap_b13.129C,rmap_b13,369,F08,MS2,20902039,ROS ,ROSMAP,e34,1,1,NA,1,2,2,0.81,30,87.94,18,0,1,3,4,0.14,3,20,0,0,3,NA,NA,NA,0.22,5.11,0,0,0,1160,0,Control,NA,NA,NA,16.77419917,13.32897775,12.70654808,16.16291458,16.84915119,-0.686236611,ROSMAP,FALSE,NA,GIS,rmap,blue
rmap_b13.130N,rmap_b13,370,F08,MS2,10436131,ROS ,ROSMAP,e23,0,-1,NA,2,2,2,-0.45,27,92.6,15,1,1,3,4,0.04,3,4.47,0,0,0,NA,NA,NA,0.13,0.53,0.02,0.33,2,1166,0,Control,NA,NA,NA,16.8483996,13.27268716,13.05884441,16.17803802,16.90028983,-0.722251813,ROSMAP,FALSE,NA,GIS,rmap,blue
rmap_b13.130C,rmap_b13,371,F08,MS2,1243685,MAP ,ROSMAP,e33,0,0,89.72,4,2,2,-1.46,17.73,90.38,12,0,1,4,1,0.92,2,3.78,1.64,2.19,3,NA,NA,NA,0.44,4.82,0.11,0.5,1,1065,3,AD,NA,NA,NA,16.97491886,13.3579672,15.55912899,16.2095684,16.94368003,-0.734111635,ROSMAP,FALSE,NA,NA,rmap,blue
rmap_b14.127N,rmap_b14,374,F09,MS2,55177253,MAP ,ROSMAP,e33,0,0,NA,2,2,2,0.46,26,87.01,16,1,1,3,2,1.31,2,8.75,16.5,22.17,0,227.08,10.73,2.04,0.14,0.64,0,0.17,1,1389,2,AsymAD,NA,NA,NA,16.73892918,13.34979952,13.93835589,16.09846329,16.84326665,-0.744803354,ROSMAP,FALSE,NA,NA,rmap,blue
rmap_b14.127C,rmap_b14,375,F09,MS2,63874408,MAP ,ROSMAP,e33,0,0,NA,1,2,2,0.31,26,94.18,16,0,1,4,1,1.46,2,6.65,11.02,15.12,0,264.9,18.76,7.44,0.41,4.55,0.06,0,0,1045,3,AsymAD,NA,NA,NA,16.80119222,13.30733721,14.07081931,16.16927637,16.84357673,-0.674300357,ROSMAP,FALSE,NA,NA,rmap,blue
rmap_b14.128N,rmap_b14,376,F09,MS2,75862131,MAP ,ROSMAP,e34,1,1,85.81,4,2,2,-2.4,0,92.14,18,1,1,5,1,1.23,1,5.92,8.59,9.01,0,NA,NA,NA,1.38,10.19,6.45,3.67,3,1125,3,AD,NA,NA,NA,16.96187439,13.23357921,14.29296425,16.29498366,16.88574,-0.590756341,ROSMAP,FALSE,NA,NA,rmap,blue
rmap_b14.128C,rmap_b14,377,F09,MS2,14393933,MAP ,ROSMAP,e34,1,1,NA,1,2,2,0.51,27,86.82,18,1,1,4,1,1.1,2,25.42,7.12,9.55,1,NA,NA,NA,0.34,3.2,0.01,0,0,1444,3,AsymAD,NA,NA,NA,16.60416305,13.31158768,13.80946288,16.06985518,16.82297927,-0.753124082,ROSMAP,FALSE,NA,NA,rmap,blue
rmap_b14.129N,rmap_b14,378,F09,MS2,67216828,MAP ,ROSMAP,e33,0,0,94.63,4,2,2,-1.03,20,97.38,16,0,1,5,2,0.86,2,6.25,11.84,18.95,0,144.14,17.93,9,1.35,15.03,5.97,0,0,940,2,AD,NA,NA,NA,16.67417203,13.34627858,14.024408,16.1651791,16.84183813,-0.676659026,ROSMAP,FALSE,NA,NA,rmap,blue
rmap_b14.129C,rmap_b14,379,F09,MS2,45514725,MAP ,ROSMAP,e33,0,0,NA,5,1,2,-1.19,16,96.18,12,0,1,1,2,0.54,3,7.75,7.27,8.27,0,NA,NA,NA,0.03,0.5,0,0,0,1133,2,Exclude,NA,NA,NA,16.77475277,13.29002054,15.70033696,16.12330082,16.78610126,-0.662800442,ROSMAP,NA,NA,NA,rmap,blue
rmap_b14.130N,rmap_b14,380,F09,MS2,20455807,ROS ,ROSMAP,e33,0,0,NA,2,2,2,0.18,30,84.76,18,0,1,2,3,0.17,3,5.83,1.59,1.96,0,NA,NA,NA,0.06,0.18,0,0,0,1155,1,Control,NA,NA,NA,16.53423496,13.27704331,12.07379006,16.12246169,16.83199822,-0.70953653,ROSMAP,FALSE,NA,GIS,rmap,blue
rmap_b14.130C,rmap_b14,381,F09,MS2,61827429,MAP ,ROSMAP,e33,0,0,NA,1,2,2,0.13,30,90.11,16,0,1,5,1,1.28,1,4.6,11.52,12.79,0,NA,NA,NA,0.74,7.97,6.14,0,0,1135,3,AsymAD,NA,NA,NA,16.95654164,13.31578155,11.93090636,16.14841536,16.91815884,-0.769743485,ROSMAP,FALSE,NA,NA,rmap,blue
rmap_b15.127N,rmap_b15,384,F10,MS2,20976799,ROS ,ROSMAP,e33,0,0,NA,2,2,2,-0.83,19,93.87,18,0,1,2,4,0.01,3,9.25,0.18,0.8,0,NA,NA,NA,0.04,0.66,0,1.83,2,1200,0,Exclude,NA,NA,NA,16.78393942,13.31749868,13.07646937,16.11365098,16.80508415,-0.691433173,ROSMAP,NA,NA,NA,rmap,blue
rmap_b15.127C,rmap_b15,385,F10,MS2,77970662,MAP ,ROSMAP,e33,0,0,NA,2,2,2,0.36,29,81.28,18,0,1,0,4,0.01,4,11.42,0,0,0,158.91,3.76,0.52,0,0.07,0,0.5,2,1120,0,Control,NA,NA,NA,16.51512523,13.31384852,12.92552149,15.97303073,16.76439377,-0.791363043,ROSMAP,FALSE,NA,GIS,rmap,blue
rmap_b15.128N,rmap_b15,386,F10,MS2,70636113,MAP ,ROSMAP,e34,1,1,97.67,4,2,2,-1.43,18,98.07,12,0,1,4,1,1.75,2,6.33,9.75,10.68,0,NA,NA,NA,0.25,6.02,0.07,1,2,998,3,AD,NA,NA,NA,17.02412022,13.29465557,15.49568876,16.19920443,16.83916349,-0.639959052,ROSMAP,FALSE,NA,NA,rmap,blue
rmap_b15.128C,rmap_b15,387,F10,MS2,50101109,MAP ,ROSMAP,e23,0,-1,NA,1,2,2,0.76,30,90.12,21,1,1,4,2,0.37,2,5.75,3.87,7.06,2,NA,NA,NA,0.1,0.29,0,0.17,3,1210,2,AsymAD,NA,NA,NA,16.64832918,13.18841997,15.01909957,16.11333189,16.82986815,-0.716536259,ROSMAP,FALSE,NA,NA,rmap,blue
rmap_b15.129N,rmap_b15,388,F10,MS2,67429065,MAP ,ROSMAP,e33,0,0,NA,2,2,2,0.24,26,91.78,16,1,1,2,4,0.05,3,6.87,0.18,0,0,155.57,0.84,0,0.09,0.5,0.01,0,0,1280,0,Control,NA,NA,NA,16.72730457,13.29611182,12.96590536,16.14651378,16.8485961,-0.702082318,ROSMAP,FALSE,NA,GIS,rmap,blue
rmap_b15.129C,rmap_b15,389,F10,MS2,39125441,MAP ,ROSMAP,e33,0,0,89.15,2,2,2,-0.78,27,95.53,16,1,1,3,4,0.11,3,15.17,0,0,3,NA,NA,NA,0.33,2.12,0,0,0,1248,0,Control,NA,NA,NA,16.82588659,13.3055043,12.99151076,16.14846845,16.90326806,-0.754799612,ROSMAP,FALSE,NA,GIS,rmap,blue
rmap_b15.130N,rmap_b15,390,F10,MS2,21401001,ROS ,ROSMAP,e33,0,0,83.84,4,2,2,-1.35,0,87.93,18,0,1,5,1,1.77,1,19.58,8.09,8.78,0,NA,NA,NA,3.35,28.52,19.15,1.5,3,1175,3,AD,NA,NA,NA,16.49892776,13.3136701,15.47645666,17.50004398,17.26431459,0.235729383,ROSMAP,FALSE,NA,NA,rmap,blue
rmap_b15.130C,rmap_b15,391,F10,MS2,10405008,ROS ,ROSMAP,e33,0,0,81.45,6,2,2,-2.77,11,81.64,24,1,1,3,2,0.81,2,4.33,8.39,11.57,0,NA,NA,NA,0.2,0.51,0.01,0,0,1217,2,AD,NA,NA,NA,16.91022627,13.3503772,15.3004896,16.12669372,16.95076619,-0.824072464,ROSMAP,FALSE,NA,NA,rmap,blue
rmap_b16.127N,rmap_b16,394,F11,MS2,47236602,MAP ,ROSMAP,e33,0,0,NA,1,1,2,0.12,26,102.63,12,0,1,5,2,1.07,2,5,10.87,15.16,0,NA,NA,NA,0.61,8.03,0.04,0.83,2,1013,2,AsymAD,NA,NA,NA,16.88739898,13.30877479,15.01637514,16.05811111,16.76431803,-0.706206927,ROSMAP,FALSE,NA,NA,rmap,blue
rmap_b16.127C,rmap_b16,395,F11,MS2,39989287,MAP ,ROSMAP,e33,0,0,NA,1,2,2,0.02,24,89.09,12,1,1,3,4,0.19,3,7.75,0.66,3.36,0,257.59,15.15,2.15,0.56,3.82,0.01,0.83,1,1180,0,Control,NA,NA,NA,16.65003866,13.31061691,11.76512609,16.0706687,16.83439205,-0.763723348,ROSMAP,FALSE,NA,GIS,rmap,blue
rmap_b16.128N,rmap_b16,396,F11,MS2,20223617,ROS ,ROSMAP,e33,0,0,96.36,4,2,2,-0.19,6,97.43,21,0,1,5,1,2.05,1,10.08,15.4,22.15,NA,NA,NA,NA,2.89,20.7,7.84,0,0,1150,3,AD,NA,NA,NA,16.78584817,13.25000478,14.83390455,16.46498276,16.85417929,-0.389196533,ROSMAP,FALSE,NA,NA,rmap,blue
rmap_b16.128C,rmap_b16,397,F11,MS2,10669174,ROS ,ROSMAP,e33,0,0,NA,2,2,2,0.45,26,82.98,18,1,1,3,4,0.1,3,7.33,0,0,0,NA,NA,NA,0.29,3.46,0,0.5,1,1495,0,Control,NA,NA,NA,16.75247449,13.34024934,11.38399602,16.1303522,16.84814579,-0.717793592,ROSMAP,FALSE,NA,GIS,rmap,blue
rmap_b16.129N,rmap_b16,398,F11,MS2,8132197,MAP ,ROSMAP,e23,0,-1,NA,2,1,2,-0.23,27,92.61,16,0,1,3,2,0.26,2,4.08,1.24,1.26,0,150.87,9.63,3.1,0.16,3.5,0,0,0,1145,2,AsymAD,NA,NA,NA,16.47552492,13.30616487,13.77808746,16.14084917,16.87050459,-0.729655427,ROSMAP,FALSE,NA,NA,rmap,blue
rmap_b16.129C,rmap_b16,399,F11,MS2,21001195,ROS ,ROSMAP,e33,0,0,NA,2,2,2,-0.33,26,91.28,20,0,1,4,2,0.35,2,6.38,2.84,3.84,0,NA,NA,NA,0.34,4.01,0,0,0,1204,2,AsymAD,NA,NA,NA,16.77016601,13.33018858,12.01613869,16.20145578,16.84747131,-0.64601553,ROSMAP,FALSE,NA,NA,rmap,blue
rmap_b16.130N,rmap_b16,400,F11,MS2,20260734,ROS ,ROSMAP,e34,1,1,NA,1,2,2,-1.12,23,86.81,18,0,1,3,1,0.65,2,8.67,7.37,10.54,0,NA,NA,NA,0.09,3.07,0.24,0,0,NA.9999,3,AD,NA,NA,NA,16.66405712,13.3078057,15.00052549,16.14441979,16.81596959,-0.671549799,ROSMAP,FALSE,NA,NA,rmap,blue
rmap_b16.130C,rmap_b16,401,F11,MS2,11349821,ROS ,ROSMAP,e33,0,0,73.57,5,2,1,-2.05,23,77.8,22,1,1,4,2,0.49,2,4.92,5.88,8.43,3,NA,NA,NA,0.45,3.16,0,0.67,2,1520,2,AD,NA,NA,NA,16.76360011,13.31400488,14.2077129,16.07239898,16.72153943,-0.649140448,ROSMAP,FALSE,NA,NA,rmap,blue
rmap_b17.127N,rmap_b17,404,F12,MS2,50301549,MAP ,ROSMAP,e34,1,1,NA,1,2,2,0.33,30,89.03,11,0,1,5,1,1.93,1,6.08,5.92,8.27,2,214.57,26.27,8.45,0.9,23.99,8.98,3.17,3,1176,3,AsymAD,NA,NA,NA,16.88525301,13.32210609,14.9692835,16.29064549,16.85440937,-0.563763878,ROSMAP,FALSE,NA,NA,rmap,blue
rmap_b17.127C,rmap_b17,405,F12,MS2,20204114,ROS ,ROSMAP,e33,0,0,87.42,4,1,2,-0.97,16,90.53,20,0,1,5,1,1.31,1,6.67,18.06,25.88,3,NA,NA,NA,1.28,8.98,0.34,2,3,1325,3,AD,NA,NA,NA,16.81865672,13.29683991,14.14898597,16.115755,16.7738737,-0.658118698,ROSMAP,FALSE,NA,NA,rmap,blue
rmap_b17.128N,rmap_b17,406,F12,MS2,76431098,MAP ,ROSMAP,e33,0,0,NA,2,2,2,-0.85,30,94.48,12,0,1,4,1,0.91,2,5.88,8.97,11.85,0,NA,NA,NA,0.31,2.86,0.05,0,0,1102,3,AsymAD,NA,NA,NA,16.7206517,13.37796833,14.51834679,16.18934669,16.85819514,-0.668848446,ROSMAP,FALSE,NA,NA,rmap,blue
rmap_b17.128C,rmap_b17,407,F12,MS2,74718818,MAP ,ROSMAP,e24,1,0,NA,1,2,2,-0.7,27,88.1,8,0,2,3,1,0.99,2,4.42,5.52,8.07,0,NA,NA,NA,0.2,1.21,0,0,0,1030,3,AsymAD,NA,NA,NA,16.62052844,13.27875947,13.85077265,16.07515606,16.84945102,-0.774294966,ROSMAP,FALSE,NA,NA,rmap,blue
rmap_b17.129N,rmap_b17,408,F12,MS2,50304024,MAP ,ROSMAP,e33,0,0,99.24,4,2,2,-1.4,21,101.63,14,0,1,4,3,0.19,3,7.42,0.26,2.11,2,231.95,20.78,2.9,0.45,5.19,0.07,0,0,1090,1,Exclude,NA,NA,NA,16.73023417,13.36651591,12.21392313,16.03916929,16.75519346,-0.716024171,ROSMAP,NA,NA,NA,rmap,blue
rmap_b17.129C,rmap_b17,409,F12,MS2,21002812,ROS ,ROSMAP,e23,0,-1,96.82,4,2,2,-3.02,8,99.72,12,0,1,3,4,0.23,3,5.33,0.06,0,2,NA,NA,NA,0.41,8.79,0.01,0,0,1030,0,Exclude,NA,NA,NA,16.75743179,13.28113792,11.82753668,16.15512219,16.83124043,-0.676118233,ROSMAP,NA,NA,NA,rmap,blue
rmap_b17.130N,rmap_b17,410,F12,MS2,96892753,MAP ,ROSMAP,e23,0,-1,94.49,4,2,2,-1.36,21,95.03,12,0,1,4,2,0.31,2,14.68,5.16,5.87,0,NA,NA,NA,0.22,3.32,0,1.83,3,1151,2,AD,NA,NA,NA,16.75292724,13.35074267,13.41895966,16.08079808,16.75732562,-0.676527544,ROSMAP,FALSE,NA,NA,rmap,blue
rmap_b17.130C,rmap_b17,411,F12,MS2,20124619,ROS ,ROSMAP,e33,0,0,82.66,4,1,2,-3.96,1,88.37,18,0,1,4,2,0.76,2,8.17,7.31,8.05,3,NA,NA,NA,0.38,8.61,0.43,0,0,1340,2,AD,NA,NA,NA,16.86617775,13.26260222,14.14840129,16.26453286,16.9085546,-0.644021742,ROSMAP,FALSE,NA,NA,rmap,blue
rmap_b18.127N,rmap_b18,414,F13,MS2,21000630,ROS ,ROSMAP,e33,0,0,86.95,4,2,2,-1.98,15.56,89.39,17,0,1,4,2,0.95,2,4.72,6.94,5.91,2,NA,NA,NA,0.38,0.92,0.04,0.83,1,1020,2,AD,NA,NA,NA,16.78200182,13.29510501,14.34512037,16.15944224,16.85320762,-0.693765378,ROSMAP,FALSE,NA,NA,rmap,blue
rmap_b18.127C,rmap_b18,415,F13,MS2,20187042,ROS ,ROSMAP,e33,0,0,83.93,4,2,2,-0.58,22,84.35,18,0,1,3,2,0.38,2,12.92,1.88,2.21,0,NA,NA,NA,0.25,2.34,0,0,0,1060,2,AD,NA,NA,NA,16.73501679,13.35636209,14.0427517,16.31060461,16.92349729,-0.612892679,ROSMAP,FALSE,NA,NA,rmap,blue
rmap_b18.128N,rmap_b18,416,F13,MS2,50103093,MAP ,ROSMAP,e33,0,0,NA,1,2,2,0.1,27,90.14,12,0,1,3,4,0.03,3,20.37,0.25,0.89,0,286.96,5.9,1.43,0.1,1.38,0,0,0,1260,0,Control,NA,NA,NA,16.77330418,13.30356879,11.9747402,15.97677011,16.72167278,-0.744902671,ROSMAP,FALSE,NA,GIS,rmap,blue
rmap_b18.128C,rmap_b18,417,F13,MS2,50409956,MAP ,ROSMAP,e33,0,0,88.67,4,2,2,-1.36,18,89.5,12,0,1,5,1,2.8,1,6.5,9.74,12.93,0,NA,NA,NA,4.03,15.77,11.41,0.83,3,1171,3,AD,NA,NA,NA,16.6022283,13.3580139,14.13251811,16.11953359,16.79227613,-0.672742531,ROSMAP,FALSE,NA,NA,rmap,blue
rmap_b18.129N,rmap_b18,418,F13,MS2,75169847,MAP ,ROSMAP,e23,0,-1,NA,2,2,2,0.1,24,88.48,17,0,1,5,1,1.18,1,6.17,10.25,10.6,0,203.26,20.28,7.08,0.64,5.04,0.41,0,0,979,3,AsymAD,NA,NA,NA,16.78386565,13.2309809,14.3163014,16.15914855,16.806375,-0.647226447,ROSMAP,FALSE,NA,NA,rmap,blue
rmap_b18.129C,rmap_b18,419,F13,MS2,20594669,ROS ,ROSMAP,e23,0,-1,86.29,5,1,2,-0.99,17.14,89.48,16,0,1,3,2,0.31,2,3,1.59,2.06,0,NA,NA,NA,0.14,2.17,0,1.33,3,1090,2,AD,NA,NA,NA,16.70218522,13.40975267,13.59354476,16.32970865,16.9433265,-0.613617854,ROSMAP,FALSE,NA,NA,rmap,blue
rmap_b18.130N,rmap_b18,420,F13,MS2,31813134,MAP ,ROSMAP,e33,0,0,NA,1,1,2,0.02,28,89.94,15,0,1,3,1,1.44,2,7.7,7.61,6.4,0,NA,NA,NA,0.32,5.47,0.02,0,0,1141,3,AsymAD,NA,NA,NA,16.80918545,13.25695838,14.01782711,16.09661029,16.83324839,-0.736638095,ROSMAP,FALSE,NA,NA,rmap,blue
rmap_b18.130C,rmap_b18,421,F13,MS2,95329283,MAP ,ROSMAP,e23,0,-1,87.89,5,1,2,-1.63,28,90.15,14,0,1,3,4,0.08,3,4.5,0,0,0,NA,NA,NA,0.17,0.79,0,0,0,1162,0,Control,NA,NA,NA,16.61834566,13.32091214,11.53756429,16.06181338,16.94667743,-0.884864046,ROSMAP,FALSE,NA,GIS,rmap,blue
rmap_b19.127N,rmap_b19,424,F14,MS2,37393077,MAP ,ROSMAP,e24,1,0,87.86,4,2,2,-3.48,5,88.09,14,0,1,4,2,0.95,2,6.8,6.53,7.53,0,NA,NA,NA,0.76,10.01,0.07,4.33,3,1087,2,AD,NA,NA,NA,16.74469349,13.33600014,15.49453874,16.06988573,16.75514851,-0.685262779,ROSMAP,FALSE,NA,NA,rmap,blue
rmap_b19.127C,rmap_b19,425,F14,MS2,25580771,MAP ,ROSMAP,e33,0,0,90.42,4,2,1,-1.26,21,91.62,18,0,1,3,2,0.26,2,5.3,2.66,5.86,3,226.11,14.69,4.74,0.2,3.46,0.03,0,0,1038,2,AD,NA,NA,NA,16.80240054,13.29903433,13.59636691,16.12892989,16.87001006,-0.741080173,ROSMAP,FALSE,NA,NA,rmap,blue
rmap_b19.128N,rmap_b19,426,F14,MS2,50103129,MAP ,ROSMAP,e34,1,1,NA,2,1,2,-0.49,28,89.67,11,0,1,5,2,1.6,2,2.92,8.17,14.22,0,114.36,3.73,0.68,2.04,18.86,6.16,1.17,3,1130,2,AsymAD,NA,NA,NA,16.68275489,13.31279927,15.08409022,16.16532134,16.87269298,-0.707371633,ROSMAP,FALSE,NA,NA,rmap,blue
rmap_b19.128C,rmap_b19,427,F14,MS2,20105242,ROS ,ROSMAP,e33,0,0,NA,1,2,2,0.52,29,87.29,18,0,1,3,4,0.08,3,7.5,0.81,1.46,0,NA,NA,NA,0.23,1.17,0,0.17,1,1140,0,Control,NA,NA,NA,16.86513215,13.31811148,12.80074675,16.24005648,16.98808613,-0.748029646,ROSMAP,FALSE,NA,GIS,rmap,blue
rmap_b19.129N,rmap_b19,428,F14,MS2,32383679,MAP ,ROSMAP,e23,0,-1,NA,1,1,2,-0.31,27,90.12,12,0,1,4,1,1.03,2,8.25,13.46,21.46,0,244.25,17.57,5.3,0.43,3.11,0.35,0,0,1097,3,AsymAD,NA,NA,NA,16.74532849,13.29948177,15.10531035,16.10592535,16.75979737,-0.653872028,ROSMAP,FALSE,NA,NA,rmap,blue
rmap_b19.129C,rmap_b19,429,F14,MS2,16621574,MAP ,ROSMAP,e23,0,-1,NA,1,2,2,0.1,28,89.3,13,0,1,4,1,0.81,2,6.92,6.58,9.19,0,NA,NA,NA,0.7,3.82,0,0.33,1,1282,3,AsymAD,NA,NA,NA,16.69065954,13.30109526,14.41477353,16.12831642,16.79606381,-0.667747394,ROSMAP,FALSE,NA,NA,rmap,blue
rmap_b19.130N,rmap_b19,430,F14,MS2,15138884,ROS ,ROSMAP,e23,0,-1,NA,1,2,2,0.5,30,85.83,20,1,1,1,4,0.07,3,7.67,0,0,0,NA,NA,NA,0.04,0.01,0,0,0,1399,0,Control,NA,NA,NA,16.7603063,13.50875134,12.67980357,16.37759381,16.95098974,-0.573395921,ROSMAP,FALSE,NA,GIS,rmap,blue
rmap_b19.130C,rmap_b19,431,F14,MS2,57978756,MAP ,ROSMAP,e33,0,0,NA,1,1,2,0.51,27,81.22,12,0,1,2,4,0.05,3,5.75,0.99,2.65,0,NA,NA,NA,0.05,0.49,0,0.5,1,1190,0,Control,NA,NA,NA,16.7803453,13.24382508,12.71447776,16.13883779,16.80834422,-0.669506437,ROSMAP,FALSE,NA,GIS,rmap,blue
rmap_b20.127N,rmap_b20,434,F15,MS2,90942860,MAP ,ROSMAP,e34,1,1,NA,2,1,2,-0.21,27,77.79,16,1,1,4,1,1.36,2,9.5,3.03,2.88,0,158.29,7.46,1.72,0.59,6.14,1.45,0,0,1500,3,AsymAD,NA,NA,NA,16.75798993,13.32246318,16.57323572,16.0527511,16.82096802,-0.76821692,ROSMAP,FALSE,NA,NA,rmap,blue
rmap_b20.127C,rmap_b20,435,F15,MS2,20201927,ROS ,ROSMAP,e33,0,0,NA,2,1,2,-0.26,23.18,93.63,16,0,1,2,2,0.6,2,12.33,2.27,2.42,0,NA,NA,NA,0.07,0.33,0,0,0,1236,2,Exclude,NA,NA,NA,16.86198743,13.24028983,15.37989805,16.17205971,16.9211386,-0.749078885,ROSMAP,NA,NA,NA,rmap,blue
rmap_b20.128N,rmap_b20,436,F15,MS2,86600442,MAP ,ROSMAP,e23,0,-1,NA,1,2,2,-0.43,25,80.6,12,0,1,3,2,0.19,2,6.5,1.34,0.97,NA,131.59,6.66,1.47,0.13,2.69,0,0.33,1,1000,2,AsymAD,NA,NA,NA,16.87650601,13.36756567,13.25782688,16.19311901,16.9368827,-0.743763698,ROSMAP,FALSE,NA,NA,rmap,blue
rmap_b20.128C,rmap_b20,437,F15,MS2,50108750,MAP ,ROSMAP,e23,0,-1,92.31,4,2,2,-3.15,2,100.86,12,0,1,4,4,0.08,3,8.33,0,0,0,NA,NA,NA,0.2,1.92,0.02,2.33,3,1169,0,Exclude,NA,NA,NA,16.5088222,13.2829916,14.86275894,16.1643959,16.72772364,-0.563327745,ROSMAP,NA,NA,NA,rmap,blue
rmap_b20.129N,rmap_b20,438,F15,MS2,52311825,MAP ,ROSMAP,e33,0,0,80.64,2,1,2,-0.81,22,85.43,14,1,1,3,4,0.02,3,7.58,0,0,0,168.29,11.42,3.05,0.05,3.59,0.01,0,0,1120,0,Exclude,NA,NA,NA,16.73436861,13.32987782,12.32176445,16.08090428,16.84733151,-0.76642723,ROSMAP,NA,NA,NA,rmap,blue
rmap_b20.129C,rmap_b20,439,F15,MS2,83173570,MAP ,ROSMAP,e33,0,0,NA,1,2,2,0.32,28,88.39,14,0,1,4,3,0.19,3,10.22,1.64,0.83,1,188.98,6.82,1.61,0.15,2.38,0,0,0,1193,1,AsymAD,NA,NA,NA,16.76590222,13.30420623,12.76442537,16.13063719,16.76276875,-0.632131558,ROSMAP,FALSE,NA,NA,rmap,blue
rmap_b20.130N,rmap_b20,440,F15,MS2,20348895,ROS ,ROSMAP,e33,0,0,NA,2,2,2,-0.33,26,95.95,20,0,1,4,2,0.48,2,7.83,3.19,5.47,0,NA,NA,NA,0.67,5.34,0,0.33,2,1157,2,AsymAD,NA,NA,NA,16.86446566,13.31843135,13.82587724,16.14739057,16.83540869,-0.688018122,ROSMAP,FALSE,NA,NA,rmap,blue
rmap_b20.130C,rmap_b20,441,F15,MS2,95453354,MAP ,ROSMAP,e33,0,0,NA,1,2,2,0.53,29,84.66,12,0,1,3,1,1.05,2,5.47,5.94,7.05,NA,213.47,5.34,0.99,0.19,1.36,0.03,0.17,1,1100,3,AsymAD,NA,NA,NA,16.60672473,13.29816714,14.15540352,15.98742159,16.85462196,-0.867200364,ROSMAP,FALSE,NA,NA,rmap,blue
rmap_b21.127N,rmap_b21,444,F16,MS2,31908032,ROS ,ROSMAP,e33,0,0,NA,1,2,2,-0.6,28,93.28,22,0,1,4,2,1.22,2,15.25,9.96,13.2,3,NA,NA,NA,0.27,3.22,0.23,2,3,997,2,AsymAD,NA,NA,NA,16.71375823,13.38879819,14.25954995,16.25655422,16.88978723,-0.633233007,ROSMAP,FALSE,NA,NA,rmap,blue
rmap_b21.127C,rmap_b21,445,F16,MS2,73549281,MAP ,ROSMAP,e33,0,0,NA,1,1,2,-0.59,28,87.72,14,0,1,3,1,0.65,2,10,6.2,13.25,0,104.44,1.36,0.21,0.43,3.75,0,0,0,1054,3,AsymAD,NA,NA,NA,16.72371359,13.31241308,14.04886295,16.13115144,16.82005181,-0.688900364,ROSMAP,FALSE,NA,NA,rmap,blue
rmap_b21.128N,rmap_b21,446,F16,MS2,11240247,ROS ,ROSMAP,e33,0,0,85.1,4,2,2,-0.46,24,85.11,18,1,1,5,2,1.59,2,5,17.11,24.07,0,NA,NA,NA,2.26,9.57,3.49,0,0,980,2,AsymAD,NA,NA,NA,16.84612278,13.26762759,14.49184181,16.1865649,16.88648356,-0.699918658,ROSMAP,FALSE,NA,NA,rmap,blue
rmap_b21.128C,rmap_b21,447,F16,MS2,20819999,ROS ,ROSMAP,e33,0,0,92.43,4,2,2,-2.66,5,96.15,9,0,1,5,1,1.5,1,7.62,8.2,13.37,0,NA,NA,NA,1.87,19.7,4.85,0,0,983,3,AD,NA,NA,NA,16.79035362,13.31031058,14.0708509,16.23591837,16.86509258,-0.629174206,ROSMAP,FALSE,NA,NA,rmap,blue
rmap_b21.129N,rmap_b21,448,F16,MS2,50302716,MAP ,ROSMAP,e33,0,0,90.99,4,2,2,-1.64,20,92.45,14,0,1,6,1,1.32,1,5,3.48,4.9,0,126.41,11.56,4.19,1.63,11.29,0.66,2.5,2,1046,3,AD,NA,NA,NA,16.69634931,13.36890556,14.04300303,16.10697013,16.78478518,-0.677815052,ROSMAP,FALSE,NA,NA,rmap,blue
rmap_b21.129C,rmap_b21,449,F16,MS2,24219409,MAP ,ROSMAP,e23,0,-1,NA,1,2,2,0.71,28,92.76,16,0,1,3,4,0.17,3,5.35,1.32,2.57,0,NA,NA,NA,0.27,4.59,0,1.17,3,1245,0,Control,NA,NA,NA,16.8018893,13.29312262,11.33532404,16.13067186,16.83367988,-0.703008027,ROSMAP,FALSE,NA,GIS,rmap,blue
rmap_b21.130N,rmap_b21,450,F16,MS2,20712597,ROS ,ROSMAP,e23,0,-1,NA,1,2,2,1.63,30,84.58,16,0,1,4,2,0.65,2,6,5.97,7.7,0,NA,NA,NA,0.17,2.78,0.01,0,0,1126,2,AsymAD,NA,NA,NA,16.79642533,13.3022622,13.86739145,16.14034192,16.8523758,-0.712033885,ROSMAP,FALSE,NA,NA,rmap,blue
rmap_b21.130C,rmap_b21,451,F16,MS2,50301387,MAP ,ROSMAP,e24,1,0,NA,1,1,2,0.34,28,87.66,15,0,1,1,4,0.01,3,14.75,0,0,0,118.94,5.14,0.69,0.02,1.04,0,NA,NA,1150,0,Control,NA,NA,NA,16.27562071,13.40389075,12.6363983,15.94701107,16.56760084,-0.620589771,ROSMAP,FALSE,NA,GIS,rmap,blue
rmap_b22.127N,rmap_b22,454,F17,MS2,18219966,MAP ,ROSMAP,e33,0,0,NA,1,2,2,0.07,29,82.49,14,1,1,3,3,0.2,3,5.35,1.06,1.2,0,NA,NA,NA,0.4,3.56,0,0.5,1,1311,1,AsymAD,NA,NA,NA,16.78060404,13.32097378,11.58831167,15.9186981,16.74443839,-0.825740286,ROSMAP,FALSE,NA,NA,rmap,blue
rmap_b22.127C,rmap_b22,455,F17,MS2,50105301,MAP ,ROSMAP,e33,0,0,NA,1,2,2,-0.01,28,94.6,12,1,1,5,2,1.08,2,7.75,6.2,8.68,0,NA,NA,NA,0.9,11.45,0.09,0.33,1,1115,2,AsymAD,NA,NA,NA,16.86412044,13.30203815,14.79410212,16.16601301,16.84385875,-0.677845746,ROSMAP,FALSE,NA,NA,rmap,blue
rmap_b22.128N,rmap_b22,456,F17,MS2,84653463,MAP ,ROSMAP,e33,0,0,NA,2,2,2,-0.58,25,89.42,12,0,1,4,1,1.32,2,5.92,11.79,17.16,0,136.25,11.42,3.77,0.59,5.73,0.11,0.17,1,1205,3,AsymAD,NA,NA,NA,16.74715904,13.27840293,14.7996281,16.05280597,16.76922756,-0.716421597,ROSMAP,FALSE,NA,NA,rmap,blue
rmap_b22.128C,rmap_b22,457,F17,MS2,50106280,MAP ,ROSMAP,e33,0,0,NA,2,2,2,0.03,30,94.32,12,0,1,2,4,0.02,3,6.92,0.93,4.94,0,168.72,1.63,0,0.05,0.18,0,0.5,2,1140,0,Control,NA,NA,NA,16.7108908,13.34380071,12.87559117,16.10031251,16.89781239,-0.797499886,ROSMAP,FALSE,NA,GIS,rmap,blue
rmap_b22.129N,rmap_b22,458,F17,MS2,92023910,MAP ,ROSMAP,e33,0,0,81.38,4,2,2,-2.08,9.64,82.24,12,0,1,3,2,0.21,2,5,1.36,3.56,0,NA,NA,NA,0.23,1.85,0,0,0,1305,2,AD,NA,NA,NA,16.76044895,13.31022447,13.80717387,16.12705992,16.83214971,-0.705089788,ROSMAP,FALSE,NA,NA,rmap,blue
rmap_b22.129C,rmap_b22,459,F17,MS2,86903794,MAP ,ROSMAP,e33,0,0,NA,2,2,2,-1.97,19.09,95.07,5,0,1,4,2,0.89,2,32.58,2.72,3.86,0,NA,NA,NA,0.57,4.88,0.03,0,0,1110,2,AD,NA,NA,NA,16.66873756,13.33252069,14.08746964,16.14081281,16.78928045,-0.648467636,ROSMAP,FALSE,NA,NA,rmap,blue
rmap_b22.130N,rmap_b22,460,F17,MS2,20532115,ROS ,ROSMAP,e23,0,-1,88.51,4,1,2,-0.29,23.79,89.73,17,0,1,2,4,0.02,3,5.27,0,0,0,NA,NA,NA,0.06,2.15,0,1.5,2,1105,0,Control,NA,NA,NA,16.802622,12.9342787,14.45401762,16.13388224,16.9458412,-0.811958968,ROSMAP,TRUE,PostRegression,GIS,rmap,blue
rmap_b22.130C,rmap_b22,461,F17,MS2,3283241,MAP ,ROSMAP,e33,0,0,NA,2,2,2,-0.19,30,77.46,18,1,1,4,2,1.05,2,3.63,6.56,7.2,0,257.58,18.97,3.18,1.47,7.27,0.04,1,2,1303,2,AsymAD,NA,NA,NA,16.6957586,13.24929392,13.99589765,16.14240788,16.85888669,-0.716478808,ROSMAP,FALSE,NA,NA,rmap,blue
rmap_b23.127N,rmap_b23,464,F18,MS2,96189273,MAP ,ROSMAP,e33,0,0,94.54,4,2,2,-2.1,10,96.38,12,0,1,4,1,1.73,2,6.25,8.17,9.43,0,NA,NA,NA,0.27,9.46,0.02,2.5,3,936,3,AD,NA,NA,NA,16.88306643,13.27139534,14.85453876,16.17134505,16.80256045,-0.631215402,ROSMAP,FALSE,NA,NA,rmap,blue
rmap_b23.127C,rmap_b23,465,F18,MS2,15175325,ROS ,ROSMAP,e33,0,0,NA,1,2,2,0.19,26,93.13,25,1,1,4,2,0.58,2,4.92,5.39,10.4,0,NA,NA,NA,0.85,4.81,0.08,0,0,1306,2,AsymAD,NA,NA,NA,16.75345354,13.30928118,13.81443493,16.13215703,16.82512679,-0.69296976,ROSMAP,FALSE,NA,NA,rmap,blue
rmap_b23.128N,rmap_b23,466,F18,MS2,20923002,ROS ,ROSMAP,e33,0,0,91.73,4,2,2,-2.45,17,98.36,16,0,1,5,2,0.94,2,6,4.53,4.86,0,NA,NA,NA,0.9,14.81,2.85,0.5,1,1000,2,AD,NA,NA,NA,16.86113017,13.28149781,14.74641396,16.23000772,16.89413585,-0.664128125,ROSMAP,FALSE,NA,NA,rmap,blue
rmap_b23.128C,rmap_b23,467,F18,MS2,21145740,ROS ,ROSMAP,e23,0,-1,NA,1,2,2,-0.09,28.85,95.49,16,0,1,3,2,0.38,2,13.42,1.05,2.42,0,NA,NA,NA,0.14,1.74,0,0,0,1400,2,AsymAD,NA,NA,NA,16.72240034,13.37528676,13.8678849,16.13802152,16.87342707,-0.735405547,ROSMAP,FALSE,NA,NA,rmap,blue
rmap_b23.129N,rmap_b23,468,F18,MS2,68745332,MAP ,ROSMAP,e33,0,0,NA,1,2,2,0.3,28,78.52,12,1,1,1,4,0.02,3,7.92,0.18,0.81,0,3.34,0,0,0.02,0.2,0.01,0,0,1310,0,Control,NA,NA,NA,16.5156498,13.34529824,12.20632271,16.09319555,16.76622455,-0.673029006,ROSMAP,FALSE,NA,GIS,rmap,blue
rmap_b23.129C,rmap_b23,469,F18,MS2,33321607,MAP ,ROSMAP,e33,0,0,NA,1,2,2,0.26,26,92.56,21,1,1,1,3,0.9,3,6.05,8.76,11.72,0,NA,NA,NA,0.02,0.36,0.01,0,0,1342,1,Control,NA,NA,NA,16.75909551,13.2883155,14.09309882,16.21887401,16.91241937,-0.693545359,ROSMAP,FALSE,NA,GIS,rmap,blue
rmap_b23.130N,rmap_b23,470,F18,MS2,20195344,ROS ,ROSMAP,e33,0,0,92.16,4,2,2,-2.08,11,93.7,18,0,1,4,2,1.3,2,5,3.26,3.63,0,NA,NA,NA,0.54,5.71,0.08,2,3,1006,2,AD,NA,NA,NA,16.84170489,13.30806882,14.5328171,16.12226853,16.85610873,-0.7338402,ROSMAP,FALSE,NA,NA,rmap,blue
rmap_b23.130C,rmap_b23,471,F18,MS2,24310553,MAP ,ROSMAP,e33,0,0,NA,1,2,2,-0.02,28.75,84.75,12,0,1,3,4,0.2,3,3.83,0,0,0,NA,NA,NA,0.61,3.46,0.01,0,0,1050,0,Control,NA,NA,NA,16.69963854,13.41119472,11.61298814,16.06106998,16.7552647,-0.694194728,ROSMAP,FALSE,NA,GIS,rmap,blue
rmap_b24.127N,rmap_b24,474,F19,MS2,50402017,MAP ,ROSMAP,e33,0,0,NA,2,2,2,-0.67,25,82.69,12,0,1,4,2,0.3,2,6.58,1.61,1.27,0,152.22,6.4,0.53,0.21,7.77,0.17,2.5,3,1140,2,AsymAD,NA,NA,NA,16.79308976,13.32781629,13.57844782,16.11374671,16.79492259,-0.681175882,ROSMAP,FALSE,NA,NA,rmap,blue
rmap_b24.127C,rmap_b24,475,F19,MS2,50402567,MAP ,ROSMAP,e33,0,0,NA,1,1,2,1.23,30,86.11,17,0,1,1,4,0.16,3,3.62,1.79,1.52,NA,NA,NA,NA,0.01,0.01,0,0,0,1180,0,Control,NA,NA,NA,16.8917393,13.32007677,12.90244573,16.25575553,16.92321526,-0.667459737,ROSMAP,FALSE,NA,GIS,rmap,blue
rmap_b24.128N,rmap_b24,476,F19,MS2,10516762,ROS ,ROSMAP,e33,0,0,NA,2,2,2,-0.23,23,79.38,18,1,1,3,3,0.14,3,4.85,0.16,0,1,NA,NA,NA,0.41,8.15,0.45,0.33,1,1140,1,Exclude,NA,NA,NA,16.70928483,13.27875191,12.46666957,16.09391196,16.77390837,-0.679996414,ROSMAP,NA,NA,NA,rmap,blue
rmap_b24.128C,rmap_b24,477,F19,MS2,60922329,MAP ,ROSMAP,e34,1,1,NA,1,2,2,0.27,28,96.17,13,0,1,4,1,0.76,2,4.5,7.83,8.46,2,NA,NA,NA,0.11,2.24,0,0.17,1,1010,3,AsymAD,NA,NA,NA,16.79926234,13.29287405,14.83504564,16.12788693,16.84011211,-0.71222518,ROSMAP,FALSE,NA,NA,rmap,blue
rmap_b24.129N,rmap_b24,478,F19,MS2,21001519,ROS ,ROSMAP,e34,1,1,NA,1,1,2,0.21,28,81.18,21,0,1,2,1,0.79,2,5.75,4.03,4.85,0,NA,NA,NA,0.07,1.16,0,0,0,1225,3,Exclude,NA,NA,NA,16.78661781,13.31098694,15.12231853,16.11723878,16.84115613,-0.723917351,ROSMAP,NA,NA,NA,rmap,blue
rmap_b24.129C,rmap_b24,479,F19,MS2,20311676,ROS ,ROSMAP,e34,1,1,NA,2,2,2,-0.17,30,90.16,18,0,1,5,1,1.86,1,4.58,5.29,5.15,0,NA,NA,NA,1.59,19.69,15.23,0,3,1010,3,AsymAD,NA,NA,NA,16.45344975,13.3367094,15.16645809,17.39895232,17.14950483,0.249447491,ROSMAP,FALSE,NA,NA,rmap,blue
rmap_b24.130N,rmap_b24,480,F19,MS2,6804844,MAP ,ROSMAP,e24,1,0,NA,2,2,2,-1.3,28,86.97,13,1,1,4,2,0.75,2,8.42,10.34,12.98,0,NA,NA,NA,0.32,1.96,0.03,1.17,3,1135,2,AsymAD,NA,NA,NA,16.72211816,13.30640548,14.91722934,16.21361819,16.88708005,-0.673461854,ROSMAP,FALSE,NA,NA,rmap,blue
rmap_b24.130C,rmap_b24,481,F19,MS2,58501637,MAP ,ROSMAP,e33,0,0,NA,2,1,2,-1.53,21,88.34,12,1,1,4,2,0.41,2,14.25,1.54,2.21,3,NA,NA,NA,0.76,3.41,0,0,0,1150,2,AD,NA,NA,NA,16.63630766,13.28195184,12.67581433,16.15067083,16.83235489,-0.681684063,ROSMAP,FALSE,NA,NA,rmap,blue
rmap_b25.127N,rmap_b25,484,F20,MS2,88488240,MAP ,ROSMAP,e33,0,0,NA,1,2,2,-0.61,26,92.3,15,1,1,4,2,1.74,2,5.98,14.32,15.13,3,NA,NA,NA,1.35,3.41,0,0.33,1,1190,2,AsymAD,NA,NA,NA,16.78915179,13.29178144,17.03975538,16.11715792,16.82736323,-0.710205313,ROSMAP,FALSE,NA,NA,rmap,blue
rmap_b25.127C,rmap_b25,485,F20,MS2,94144536,MAP ,ROSMAP,e33,0,0,NA,2,2,2,-1.04,24,93.45,11,0,1,5,1,1.37,1,8.22,7.33,9.04,0,NA,NA,NA,1.54,8.16,4.65,0,0,1128,3,AsymAD,NA,NA,NA,16.71397338,13.34968026,16.88443624,16.39674591,16.85633731,-0.459591402,ROSMAP,FALSE,NA,NA,rmap,blue
rmap_b25.128N,rmap_b25,486,F20,MS2,48748345,MAP ,ROSMAP,e33,0,0,NA,2,2,2,-0.13,26,93.45,17,0,1,3,3,0.05,3,5.9,1.5,1.82,0,NA,NA,NA,0.1,1.74,0,0,0,1088,1,AsymAD,NA,NA,NA,16.88453658,13.2690848,13.81135832,16.21209014,16.85931164,-0.647221505,ROSMAP,FALSE,NA,NA,rmap,blue
rmap_b25.128C,rmap_b25,487,F20,MS2,34962204,MAP ,ROSMAP,e33,0,0,NA,1,1,2,-0.29,26,87.28,12,1,1,3,3,0.19,3,7.05,0.47,1.15,0,185.29,0.68,0.17,0.37,3.23,0.03,0,0,1236,1,AsymAD,NA,NA,NA,16.8456318,13.41340579,13.83894362,16.18931711,16.85640712,-0.667090015,ROSMAP,FALSE,NA,NA,rmap,blue
rmap_b25.129N,rmap_b25,488,F20,MS2,50302266,MAP ,ROSMAP,e33,0,0,NA,1,1,2,0.82,30,81.62,15,1,1,2,4,0.03,3,7.17,0.91,0.55,0,NA,NA,NA,0.08,0.05,0,0,0,1440,0,Control,NA,NA,NA,16.67015578,13.29753091,13.34794309,16.08579384,16.78574963,-0.699955789,ROSMAP,FALSE,NA,GIS,rmap,blue
rmap_b25.129C,rmap_b25,489,F20,MS2,20261613,ROS ,ROSMAP,e23,0,-1,NA,1,2,2,0.51,30,91.14,22,0,1,0,4,0,4,16.33,NA,NA,0,NA,NA,NA,0,NA,NA,0,0,1800,0,Control,NA,NA,NA,16.7387521,13.28083416,13.30839673,16.10152865,16.82812452,-0.726595869,ROSMAP,FALSE,NA,GIS,rmap,blue
rmap_b25.130N,rmap_b25,490,F20,MS2,20682204,ROS ,ROSMAP,e33,0,0,NA,1,2,2,-0.23,29,90.54,16,0,1,2,2,0.8,3,5.08,5.7,6.54,0,NA,NA,NA,0.06,0.57,0,0,0,943,2,Exclude,NA,NA,NA,16.7017994,13.32325791,16.07954315,16.02854826,16.78805453,-0.759506274,ROSMAP,NA,NA,NA,rmap,blue
rmap_b25.130C,rmap_b25,491,F20,MS2,26637867,MAP ,ROSMAP,e33,0,0,NA,2,2,2,-0.9,25,91.24,8,0,1,4,2,0.57,2,7.45,4.6,3.66,0,NA,NA,NA,0.13,0.9,0.01,0,0,1275,2,AsymAD,NA,NA,NA,16.77326024,13.33865751,14.13228914,16.16034299,16.85959349,-0.699250502,ROSMAP,FALSE,NA,NA,rmap,blue
rmap_b26.127N,rmap_b26,494,F21,MS2,15196848,ROS ,ROSMAP,e34,1,1,NA,1,1,2,0.62,28,90.9,20,1,1,3,4,0.03,3,6.92,0.22,1.78,0,NA,NA,NA,0.08,0.73,0,0,0,1259,0,Control,NA,NA,NA,16.95939351,13.36400034,14.14345461,16.24617241,16.89723557,-0.65106316,ROSMAP,FALSE,NA,GIS,rmap,blue
rmap_b26.127C,rmap_b26,495,F21,MS2,482428,MAP ,ROSMAP,e23,0,-1,NA,1,1,2,-0.26,30,83.69,12,0,1,4,4,0.28,3,3.93,0,0,0,NA,NA,NA,0.77,6.33,0,NA,NA,1050,0,Exclude,NA,NA,NA,16.77717642,13.27265796,13.73241139,16.02959317,16.78092053,-0.751327355,ROSMAP,NA,NA,NA,rmap,blue
rmap_b26.128N,rmap_b26,496,F21,MS2,19785885,MAP ,ROSMAP,e33,0,0,NA,1,2,2,-0.29,27,93.65,14,1,1,4,4,0.1,3,6.67,0,0,0,256.98,15.2,1.81,0.2,3.02,0,0,0,1135,0,Exclude,NA,NA,NA,16.9973162,13.38101497,13.54434662,16.18013893,16.92700155,-0.746862618,ROSMAP,NA,NA,NA,rmap,blue
rmap_b26.128C,rmap_b26,497,F21,MS2,11455792,ROS ,ROSMAP,e33,0,0,NA,2,2,2,-0.49,28,85.13,21,1,1,2,4,0.07,3,5,0,0,3,NA,NA,NA,0.06,2.86,0.09,0,0,1600,0,Control,NA,NA,NA,16.67320688,13.33336013,13.44801,16.04213195,16.79355293,-0.751420975,ROSMAP,FALSE,NA,GIS,rmap,blue
rmap_b26.129N,rmap_b26,498,F21,MS2,10557081,ROS ,ROSMAP,e33,0,0,NA,2,2,2,0.19,30,85.32,20,1,1,3,2,0.56,2,5,0.42,0.77,0,NA,NA,NA,0.23,2.18,0,0.33,1,1480,2,AsymAD,NA,NA,NA,16.73686369,13.21625755,13.76630008,16.14802928,16.89366869,-0.745639413,ROSMAP,TRUE,PostRegression,NA,rmap,blue
rmap_b26.129C,rmap_b26,499,F21,MS2,50104972,MAP ,ROSMAP,e34,1,1,85.59,4,2,2,-1.16,9,86.97,13,0,1,5,1,2.56,1,5.92,7.83,11.77,3,NA,NA,NA,2.57,19.4,1.51,1.83,3,1070,3,AD,NA,NA,NA,16.4995461,13.29417782,16.09313967,15.94637796,16.7481392,-0.801761242,ROSMAP,FALSE,NA,NA,rmap,blue
rmap_b26.130N,rmap_b26,500,F21,MS2,20892128,ROS ,ROSMAP,e34,1,1,87.59,4,2,2,-1.48,13,94.46,12,0,1,5,2,0.87,2,4.4,19.93,30.35,2,NA,NA,NA,0.98,13.99,2.92,2.17,3,995,2,AD,NA,NA,NA,16.70143819,13.42985952,16.98377469,16.11515021,16.77711236,-0.661962147,ROSMAP,FALSE,NA,NA,rmap,blue
rmap_b26.130C,rmap_b26,501,F21,MS2,44842532,MAP ,ROSMAP,e34,1,1,NA,1,1,2,-0.13,26,97.1,22,1,1,5,2,0.92,2,6.82,9.44,10.31,0,NA,NA,NA,0.95,7.51,0.15,0,0,1201,2,AsymAD,NA,NA,NA,16.99793264,13.2706814,17.05651597,16.18505408,16.91809096,-0.733036881,ROSMAP,FALSE,NA,NA,rmap,blue
rmap_b27.127N,rmap_b27,504,F22,MS2,11390174,ROS ,ROSMAP,e33,0,0,102.98,4,2,2,-3.67,5,103.56,12,1,1,4,2,0.62,2,32,2.96,3.36,2,NA,NA,NA,0.31,8.71,0.07,0.83,1,1280,2,AD,NA,NA,NA,16.77755031,13.34512753,14.1650263,15.97760452,16.75411729,-0.776512772,ROSMAP,FALSE,NA,NA,rmap,blue
rmap_b27.127C,rmap_b27,505,F22,MS2,21408940,ROS ,ROSMAP,e33,0,0,NA,2,2,2,0.08,28,80.09,19,0,1,3,2,0.67,2,4.78,7.07,8.55,0,NA,NA,NA,0.45,1.7,0,0,0,1170,2,AsymAD,NA,NA,NA,16.74079409,13.30768772,15.78169153,16.0904972,16.8823294,-0.791832204,ROSMAP,FALSE,NA,NA,rmap,blue
rmap_b27.128N,rmap_b27,506,F22,MS2,85065193,MAP ,ROSMAP,e33,0,0,NA,1,2,2,-0.1,30,93.55,12,0,1,4,4,0.34,3,3.67,0,0,0,NA,NA,NA,1.02,10.16,0,0,0,1100,0,Exclude,NA,NA,NA,16.70832854,13.37291719,13.23803706,16.15930838,16.83691648,-0.677608105,ROSMAP,NA,NA,NA,rmap,blue
rmap_b27.128C,rmap_b27,507,F22,MS2,50408941,MAP ,ROSMAP,e34,1,1,NA,1,2,2,-0.17,25,88.22,11,0,1,4,2,0.4,2,4.75,3.83,3.63,0,171.77,8.12,3.1,0.17,1.46,0,0.5,1,1010,2,AsymAD,NA,NA,NA,16.34352976,13.59629164,16.01427704,15.76987124,16.60452114,-0.834649904,ROSMAP,FALSE,NA,NA,rmap,blue
rmap_b27.129N,rmap_b27,508,F22,MS2,20521752,ROS ,ROSMAP,e33,0,0,NA,1,2,2,0.05,30,78.15,11,0,1,3,3,0.05,3,8.07,0,0,0,NA,NA,NA,0.09,3.82,0,0.33,1,1120,1,AsymAD,NA,NA,NA,16.6231415,13.27405002,12.88192061,16.23876829,16.86029344,-0.621525151,ROSMAP,FALSE,NA,NA,rmap,blue
rmap_b27.129C,rmap_b27,509,F22,MS2,39316600,MAP ,ROSMAP,e33,0,0,87.95,4,2,2,-1.28,20,89.96,13,0,1,5,2,0.85,2,3.67,11.03,14.96,3,267.65,56.33,13.61,0.6,7.93,0.13,0.5,1,1125,2,AD,NA,NA,NA,16.76845176,13.31021457,16.94606598,16.12848682,16.76494371,-0.63645689,ROSMAP,FALSE,NA,NA,rmap,blue
rmap_b27.130N,rmap_b27,510,F22,MS2,41265021,MAP ,ROSMAP,e34,1,1,85.62,4,2,2,-2.37,12,89.27,16,0,1,3,4,0.03,3,5.6,0.34,1.75,0,NA,NA,NA,0.1,4.84,0.04,0,0,1169,0,Exclude,NA,NA,NA,16.9522645,13.21512081,13.6392813,16.21481933,16.91586626,-0.701046929,ROSMAP,NA,NA,NA,rmap,blue
rmap_b27.130C,rmap_b27,511,F22,MS2,10263208,ROS ,ROSMAP,e23,0,-1,NA,2,2,2,0.28,21.72,84.26,18,1,1,4,3,0.35,3,14.12,0.69,2.44,3,NA,NA,NA,0.51,5.61,0,0,0,1540,1,Exclude,NA,NA,NA,16.80620166,13.28873262,13.8236535,16.17898706,16.85085822,-0.671871153,ROSMAP,NA,NA,NA,rmap,blue
rmap_b28.127N,rmap_b28,514,F23,MS2,50500136,MAP ,ROSMAP,e33,0,0,NA,1,1,2,0.3,28,75.99,12,0,1,0,4,0,4,5.92,0.07,0.6,0,204.83,0.66,0,0,0.03,0,0,0,1100,0,Control,NA,NA,NA,16.57378244,13.37673823,11.23030044,16.09202534,16.78658023,-0.69455489,ROSMAP,FALSE,NA,GIS,rmap,blue
rmap_b28.127C,rmap_b28,515,F23,MS2,20942767,ROS ,ROSMAP,e33,0,0,NA,1,2,2,0.45,30,77.23,16,0,1,4,4,0.21,3,16.25,0,0,0,NA,NA,NA,0.64,8.05,0,0,0,1120,0,Exclude,NA,NA,NA,16.7570242,13.31131042,11.8804424,16.23362934,16.94547071,-0.711841372,ROSMAP,NA,NA,NA,rmap,blue
rmap_b28.128N,rmap_b28,516,F23,MS2,20191566,ROS ,ROSMAP,e34,1,1,98.87,4,2,2,-2.49,12,102.38,21,0,1,4,3,0.44,3,3.92,2.58,8.06,3,NA,NA,NA,1.26,7.01,0,0.5,2,992,1,Exclude,NA,NA,NA,17.01133978,13.24402363,13.77677145,16.23290443,16.92756985,-0.694665418,ROSMAP,NA,NA,NA,rmap,blue
rmap_b28.128C,rmap_b28,517,F23,MS2,16513683,MAP ,ROSMAP,e34,1,1,91.75,5,1,2,-2.43,19.62,96.71,11,0,1,4,1,1.44,2,7.08,14.41,23.53,0,106.26,1.12,0,0.6,7.73,0.5,2.33,3,1068,3,AD,NA,NA,NA,16.83813241,13.36652774,14.36461755,16.11979334,16.84498863,-0.725195287,ROSMAP,FALSE,NA,NA,rmap,blue
rmap_b28.129N,rmap_b28,518,F23,MS2,14184286,MAP ,ROSMAP,e23,0,-1,NA,1,2,2,0.17,26.67,79.68,15,0,1,3,2,0.34,2,11.42,2.44,1.67,0,230.8,21.56,7.23,0.14,0.82,0,0,0,1002,2,AsymAD,NA,NA,NA,16.74282083,13.33043345,12.60403982,16.15810956,16.8433501,-0.685240548,ROSMAP,FALSE,NA,NA,rmap,blue
rmap_b28.129C,rmap_b28,519,F23,MS2,20187204,ROS ,ROSMAP,e34,1,1,NA,1,2,2,0.48,27,88.91,23,0,1,4,2,1.25,2,12.17,9.84,11.41,0,NA,NA,NA,0.54,3.76,0,0,0,1310,2,AsymAD,NA,NA,NA,16.73118447,13.26618799,14.50261348,16.11606682,16.83113424,-0.715067427,ROSMAP,FALSE,NA,NA,rmap,blue
rmap_b28.130N,rmap_b28,520,F23,MS2,11200645,ROS ,ROSMAP,e33,0,0,NA,1,1,2,0.56,29,83.73,16,1,1,4,2,1.09,2,4.25,6.92,7.74,0,NA,NA,NA,0.6,1.17,0.13,0,0,1488,2,AsymAD,NA,NA,NA,16.61024441,13.25809918,14.72185851,16.11367685,16.78248559,-0.668808736,ROSMAP,FALSE,NA,NA,rmap,blue
rmap_b28.130C,rmap_b28,521,F23,MS2,39721045,MAP ,ROSMAP,e34,1,1,NA,2,1,2,0.18,27,96.63,18,0,1,5,1,1.68,1,16,8.63,15.23,2,NA,NA,NA,1.21,11.62,0,0.17,1,1278,3,AsymAD,NA,NA,NA,16.89761599,13.28684718,14.23791595,16.15752073,16.94173849,-0.784217763,ROSMAP,FALSE,NA,NA,rmap,blue
rmap_b29.127N,rmap_b29,524,F24,MS2,20109020,ROS ,ROSMAP,e33,0,0,81.55,4,1,2,-3.65,0,85.67,18,0,1,4,4,0.13,3,19.25,0,0,0,NA,NA,NA,0.4,5.07,0,0,0,1180,0,Exclude,NA,NA,NA,16.81120525,13.29800562,11.52383419,16.11204686,16.87513698,-0.763090111,ROSMAP,NA,NA,NA,rmap,blue
rmap_b29.127C,rmap_b29,525,F24,MS2,72188804,MAP ,ROSMAP,e33,0,0,93.95,4,2,2,-1.18,24.83,94.56,18,0,1,4,1,0.99,2,4.87,1.79,2.53,0,62.97,1.55,0.16,0.49,7.89,0.09,0,0,1130,3,AsymAD,NA,NA,NA,16.41074024,13.40229717,14.11098644,16.14123563,16.73240852,-0.591172886,ROSMAP,FALSE,NA,NA,rmap,blue
rmap_b29.128N,rmap_b29,526,F24,MS2,78353027,MAP ,ROSMAP,e34,1,1,86.58,4,1,2,-3.28,12,89.05,13,1,1,6,1,2.43,1,7.73,13.68,15.27,0,NA,NA,NA,3.9,30.46,17.11,0,0,1037,3,AD,NA,NA,NA,16.79464823,13.29506929,15.02651497,16.38840087,16.86339236,-0.474991495,ROSMAP,FALSE,NA,NA,rmap,blue
rmap_b29.128C,rmap_b29,527,F24,MS2,71727427,MAP ,ROSMAP,e34,1,1,NA,2,2,2,-1.72,27,89.96,18,0,1,5,2,1.32,2,3.53,17.61,26.31,0,282.89,11.99,3,2.03,13.86,6.97,0.5,2,1127,2,AsymAD,NA,NA,NA,16.8107458,13.38345978,14.94252281,16.44564148,16.90002957,-0.454388082,ROSMAP,FALSE,NA,NA,rmap,blue
rmap_b29.129N,rmap_b29,528,F24,MS2,76867532,MAP ,ROSMAP,e33,0,0,96.55,4,2,2,-0.34,24.44,98.15,14,0,1,3,1,0.61,2,8.17,8.87,13.09,0,154.12,16.85,2.15,0.26,0.67,0.02,0,0,1156,3,AsymAD,NA,NA,NA,16.69029475,13.28300825,14.07835473,16.13208525,16.8386907,-0.706605451,ROSMAP,FALSE,NA,NA,rmap,blue
rmap_b29.129C,rmap_b29,529,F24,MS2,3889845,MAP ,ROSMAP,e34,1,1,NA,2,1,2,-1.25,22,95.59,13,0,1,2,1,0.47,2,6.92,6.64,11.24,0,279.88,12.64,3.74,0.11,1.62,0.09,3.17,3,1234,3,Exclude,NA,NA,NA,16.83812732,13.30847253,13.81162466,16.24915114,16.84966173,-0.600510596,ROSMAP,NA,NA,NA,rmap,blue
rmap_b29.130N,rmap_b29,530,F24,MS2,20800682,ROS ,ROSMAP,e33,0,0,NA,1,2,2,0.72,30,84.75,16,0,1,3,4,0.1,3,5.75,0,0,0,NA,NA,NA,0.3,1.31,0,0,0,1150,0,Control,NA,NA,NA,16.36590603,13.31047105,12.13299269,16.14051136,16.8221593,-0.681647942,ROSMAP,TRUE,PostRegression,GIS,rmap,blue
rmap_b29.130C,rmap_b29,531,F24,MS2,50302554,MAP ,ROSMAP,e33,0,0,98.81,4,2,2,-1.37,22,100.54,16,1,1,3,1,0.7,2,7.75,6.34,11.07,3,249.39,9.33,3.47,0.12,5.22,0.5,2.17,3,1210,3,AD,NA,NA,NA,16.71159976,13.42130931,13.96931464,16.04568629,16.79364675,-0.747960455,ROSMAP,FALSE,NA,NA,rmap,blue
rmap_b30.127N,rmap_b30,534,F25,MS2,99110004,MAP ,ROSMAP,e33,0,0,87.52,4,2,1,-0.97,11,87.65,19,1,1,3,2,0.42,2,6.25,6.88,8.24,3,194.94,2.21,0.2,0.08,1.35,0,0,0,1210,2,AD,NA,NA,NA,16.65257711,13.33160734,13.82312559,16.08044284,16.75331439,-0.672871553,ROSMAP,FALSE,NA,NA,rmap,blue
rmap_b30.127C,rmap_b30,535,F25,MS2,64150173,MAP ,ROSMAP,e34,1,1,90.3,5,1,2,-1.38,17,90.59,13,1,1,1,4,0.01,3,9.2,0,0,0,NA,NA,NA,0.02,0.52,0,0.17,1,1181,0,Exclude,NA,NA,NA,16.82621824,13.25207085,12.05431852,16.08852094,16.78806656,-0.699545621,ROSMAP,NA,NA,NA,rmap,blue
rmap_b30.128N,rmap_b30,536,F25,MS2,21160753,ROS ,ROSMAP,e33,0,0,90.66,4,2,2,-3.11,13,97,18,0,1,5,1,1.14,1,20.65,6.23,7.29,0,NA,NA,NA,0.99,13.55,5.06,2,3,1190,3,AD,NA,NA,NA,16.5456196,13.34651374,14.76585703,16.12924504,16.86079232,-0.731547286,ROSMAP,FALSE,NA,NA,rmap,blue
rmap_b30.128C,rmap_b30,537,F25,MS2,7883803,MAP ,ROSMAP,e33,0,0,86.77,4,2,2,-1.4,18,88.66,10,0,1,3,1,0.8,2,7,6.22,8.1,0,NA,NA,NA,0.19,2.14,0.01,1,3,990,3,AD,NA,NA,NA,16.7820758,13.34780469,14.27411706,16.14061557,16.83211562,-0.691500043,ROSMAP,FALSE,NA,NA,rmap,blue
rmap_b30.129N,rmap_b30,538,F25,MS2,10572120,ROS ,ROSMAP,e24,1,0,82.6,3,1,2,-0.22,27,86.4,22,1,1,5,3,0.98,3,2.25,7.71,8.5,NA,NA,NA,NA,0.84,11.98,0.56,0,0,1220,1,AsymAD,NA,NA,NA,16.42926265,13.24288625,14.71536416,16.0740145,16.76743119,-0.693416691,ROSMAP,FALSE,NA,NA,rmap,blue
rmap_b30.129C,rmap_b30,539,F25,MS2,8109170,MAP ,ROSMAP,e23,0,-1,NA,1,1,2,-0.17,27,88.09,16,0,1,3,2,0.41,2,5.45,3.15,2.91,0,209.1,13.99,3.1,0.09,1.24,0,0.17,1,1090,2,AsymAD,NA,NA,NA,16.88377396,13.07810812,12.41923506,16.2518824,16.84703925,-0.595156852,ROSMAP,FALSE,NA,NA,rmap,blue
rmap_b30.130N,rmap_b30,540,F25,MS2,10438999,ROS ,ROSMAP,e33,0,0,NA,1,2,2,0.89,28,83.3,27,1,1,4,4,0.07,3,5.58,0.51,2.87,0,NA,NA,NA,0.22,1.87,0,0,0,991,0,Exclude,NA,NA,NA,16.84482879,13.33821623,12.13482004,16.20948283,16.86789333,-0.658410508,ROSMAP,NA,NA,NA,rmap,blue
rmap_b30.130C,rmap_b30,541,F25,MS2,85925902,MAP ,ROSMAP,e33,0,0,NA,2,2,2,-0.57,29,92.89,14,0,1,4,2,0.41,2,6.92,1.58,1.46,0,NA,NA,NA,0.36,4.01,0,0,0,1164,2,AsymAD,NA,NA,NA,16.72519596,13.28333277,14.23651692,16.19428413,16.89172365,-0.697439525,ROSMAP,FALSE,NA,NA,rmap,blue
rmap_b31.127N,rmap_b31,544,F26,MS2,96095092,MAP ,ROSMAP,e23,0,-1,NA,1,2,1,-0.45,29,82.41,12,0,1,1,4,0.01,3,5.93,0.25,0.76,2,125.74,0,0,0.03,0.28,0,0,0,1187,0,Control,NA,NA,NA,16.73650947,13.36183601,11.05145211,15.99049036,16.83932846,-0.848838098,ROSMAP,FALSE,NA,GIS,rmap,blue
rmap_b31.127C,rmap_b31,545,F26,MS2,65652206,MAP ,ROSMAP,e33,0,0,NA,1,2,2,0.27,28,78.23,16,1,1,1,4,0.01,3,4.52,0,0,0,82.33,0,0,0.03,0.48,0,0,0,1430,0,Control,NA,NA,NA,16.64133406,13.2767391,11.83195422,16.09006007,16.85250057,-0.762440499,ROSMAP,FALSE,NA,GIS,rmap,blue
rmap_b31.128N,rmap_b31,546,F26,MS2,50108912,MAP ,ROSMAP,e33,0,0,93.14,4,2,2,-1.13,21.43,94.34,16,1,1,3,1,0.73,2,6.1,7.16,11.44,0,195.4,3.29,0.57,0.16,0.23,0,3,3,1177,3,AD,NA,NA,NA,16.83009115,13.34578353,14.43638528,16.18552366,16.81350757,-0.627983902,ROSMAP,FALSE,NA,NA,rmap,blue
rmap_b31.128C,rmap_b31,547,F26,MS2,20594407,ROS ,ROSMAP,e33,0,0,87,4,2,2,-3.36,2,98.03,7,0,1,5,1,1.43,1,6.87,7.79,11.72,0,NA,NA,NA,0.78,6.14,1.58,2.83,3,894,3,AD,NA,NA,NA,16.80192524,13.38845852,15.38869289,16.31590958,16.86596931,-0.550059738,ROSMAP,FALSE,NA,NA,rmap,blue
rmap_b31.129N,rmap_b31,548,F26,MS2,89614402,MAP ,ROSMAP,e33,0,0,NA,1,1,2,0.92,30,87.42,22,0,1,4,1,1.09,2,5.58,10.97,15.09,2,153.23,4.28,1.3,0.49,3.02,0.05,0,0,1246,3,AsymAD,NA,NA,NA,16.62899326,13.28015478,14.92460002,16.06500626,16.79342991,-0.728423654,ROSMAP,FALSE,NA,NA,rmap,blue
rmap_b31.129C,rmap_b31,549,F26,MS2,50406057,MAP ,ROSMAP,e33,0,0,NA,2,2,2,-0.21,27,83.19,20,1,1,3,4,0.04,3,6.08,0,0,0,362.33,64.4,13.11,0.13,4.99,0.01,0,0,1230,0,Control,NA,NA,NA,16.47409979,13.38874767,11.9945241,16.07249496,16.73611981,-0.663624851,ROSMAP,FALSE,NA,GIS,rmap,blue
rmap_b31.130N,rmap_b31,550,F26,MS2,50406345,MAP ,ROSMAP,e33,0,0,NA,2,2,2,-0.31,30,93.2,18,0,1,4,2,0.3,2,5,3.9,6.11,0,348.47,50.82,13.04,0.68,3.83,0,0,0,1092,2,AsymAD,NA,NA,NA,16.76858581,13.2154553,13.46101818,16.1900384,16.83950064,-0.649462243,ROSMAP,FALSE,NA,NA,rmap,blue
rmap_b31.130C,rmap_b31,551,F26,MS2,246264,MAP ,ROSMAP,e33,0,0,NA,1,2,2,-0.29,29,100.87,16,0,1,3,2,1.68,2,7.5,8.31,9.25,0,NA,NA,NA,0.35,4.92,0,0.83,3,1165,2,AsymAD,NA,NA,NA,16.77443846,13.27162826,14.94158936,16.18728259,16.85691468,-0.669632088,ROSMAP,FALSE,NA,NA,rmap,blue
rmap_b32.127N,rmap_b32,554,F27,MS2,20186901,ROS ,ROSMAP,e33,0,0,93.14,4,2,2,-1.44,19,95.29,20,0,1,2,3,0.1,3,4.83,1.26,1.26,0,NA,NA,NA,0.07,6.79,0.37,3.17,3,1077,1,Exclude,NA,NA,NA,16.85133697,13.316258,12.20201168,16.10414839,16.82335257,-0.719204181,ROSMAP,NA,NA,NA,rmap,blue
rmap_b32.127C,rmap_b32,555,F27,MS2,50108336,MAP ,ROSMAP,e33,0,0,NA,1,2,2,0.18,30,89.42,12,0,1,3,4,0.1,3,7.17,0.17,1.4,0,196.6,3.83,0.93,0.3,0.97,0,0,0,1016,0,Control,NA,NA,NA,16.62681478,13.32149237,12.48099022,16.11068114,16.89734233,-0.786661186,ROSMAP,FALSE,NA,GIS,rmap,blue
rmap_b32.128N,rmap_b32,556,F27,MS2,9391376,MAP ,ROSMAP,e34,1,1,NA,2,2,2,-0.49,27.6,84.42,16,0,1,2,2,0.98,3,6.07,7.02,11,0,NA,NA,NA,0.07,0.15,0,1,3,1360,2,Exclude,NA,NA,NA,16.725518,13.27537351,14.33758941,15.98432131,16.81312497,-0.828803664,ROSMAP,NA,NA,NA,rmap,blue
rmap_b32.128C,rmap_b32,557,F27,MS2,20906079,ROS ,ROSMAP,e23,0,-1,76.55,4,1,1,-1.49,16,77.8,19,0,1,3,2,0.66,2,9,3.73,3.75,1,NA,NA,NA,0.21,4.23,0.04,0,0,1300,2,AD,NA,NA,NA,16.69162759,13.32856791,13.8826438,16.14230404,16.85902575,-0.716721704,ROSMAP,FALSE,NA,NA,rmap,blue
rmap_b32.129N,rmap_b32,558,F27,MS2,50108886,MAP ,ROSMAP,e33,0,0,NA,1,2,2,-0.21,19.2,95.61,12,0,1,4,2,0.53,2,7.28,6.22,8.6,0,238.54,28.85,10.57,0.55,5.02,0.01,0.83,2,1049,2,AD,NA,NA,NA,16.76075403,13.32753432,14.46018745,16.13734968,16.83171432,-0.694364639,ROSMAP,FALSE,NA,NA,rmap,blue
rmap_b32.129C,rmap_b32,559,F27,MS2,50109639,MAP ,ROSMAP,e33,0,0,NA,1,1,2,0.41,26,85.79,16,0,1,4,4,0.15,3,5.42,0,0,0,NA,NA,NA,0.46,3.81,0.01,0,0,1271,0,Exclude,NA,NA,NA,16.94359288,13.30230173,12.06448078,16.30942508,16.88066493,-0.571239847,ROSMAP,NA,NA,NA,rmap,blue
rmap_b32.130N,rmap_b32,560,F27,MS2,20371236,ROS ,ROSMAP,e33,0,0,85.99,4,2,2,-2.08,14,90.1,17,0,1,5,1,1.68,1,4.97,9.11,10.86,0,NA,NA,NA,1.68,16.97,9.74,2.67,3,987,3,AD,NA,NA,NA,16.75341459,13.25519615,14.66195081,16.15410948,16.91175459,-0.757645104,ROSMAP,FALSE,NA,NA,rmap,blue
rmap_b32.130C,rmap_b32,561,F27,MS2,10202345,ROS ,ROSMAP,e34,1,1,NA,1,2,2,0.57,30,81.58,18,1,1,4,1,1.05,2,6.75,3.14,3.75,0,NA,NA,NA,0.34,1.49,0.01,0.5,1,1390,3,AsymAD,NA,NA,NA,16.81463469,13.28833435,14.08458641,16.2569133,16.78452963,-0.527616324,ROSMAP,FALSE,NA,NA,rmap,blue
rmap_b33.127N,rmap_b33,564,F28,MS2,49429845,MAP ,ROSMAP,e33,0,0,81.72,4,1,2,-2.35,17,85.45,12,0,1,3,2,0.73,2,3.75,6.28,8.03,0,202.2,14.48,5.21,0.34,3.36,0.04,0.33,1,1000,2,AD,NA,NA,NA,16.55463437,13.3132294,14.16721926,16.093919,16.77036444,-0.676445442,ROSMAP,FALSE,NA,NA,rmap,blue
rmap_b33.127C,rmap_b33,565,F28,MS2,20261037,ROS ,ROSMAP,e34,1,1,94.03,4,1,2,-3.51,0,100.36,19,0,1,5,1,1.2,1,7.25,2.54,2.4,3,NA,NA,NA,1.16,18.34,3.53,1.33,2,1110,3,AD,NA,NA,NA,16.47435172,13.30488279,14.51076714,15.9238894,16.6184246,-0.694535199,ROSMAP,FALSE,NA,NA,rmap,blue
rmap_b33.128N,rmap_b33,566,F28,MS2,11399871,ROS ,ROSMAP,e23,0,-1,84.65,4,1,2,-1.39,12,86.13,16,1,1,3,4,0.04,3,6.5,0,0,0,NA,NA,NA,0.13,1.39,0,2.17,3,1150,0,Exclude,NA,NA,NA,17.0169667,13.29852077,12.23525255,16.13977009,16.87545005,-0.73567996,ROSMAP,NA,NA,NA,rmap,blue
rmap_b33.128C,rmap_b33,567,F28,MS2,82684406,MAP ,ROSMAP,e33,0,0,NA,2,2,2,-0.66,26,95.58,13,0,1,5,1,0.72,1,19.67,4.79,5.83,NA,199.14,11.59,5.05,0.65,11.28,0.61,0.5,2,1095,3,AsymAD,NA,NA,NA,16.8795276,13.24604457,15.00879025,16.53744833,16.91676775,-0.379319419,ROSMAP,FALSE,NA,NA,rmap,blue
rmap_b33.129N,rmap_b33,568,F28,MS2,10216869,ROS ,ROSMAP,e33,0,0,81.4,4,2,2,-1.39,24,82.01,23,1,1,4,4,0.07,3,16.92,0.23,1.19,3,NA,NA,NA,0.22,4.12,0.01,1.5,3,1280,0,Exclude,NA,NA,NA,16.70881481,13.31957199,12.05726811,16.13012235,16.82447655,-0.694354208,ROSMAP,NA,NA,NA,rmap,blue
rmap_b33.129C,rmap_b33,569,F28,MS2,14452889,MAP ,ROSMAP,e34,1,1,NA,1,2,2,-0.64,27,93.15,14,0,1,4,2,0.6,2,9,10.22,16.22,3,NA,NA,NA,0.18,3.11,0.01,0,0,1145,2,AsymAD,NA,NA,NA,16.80946501,13.31915026,15.04224266,16.21654294,16.83122537,-0.614682426,ROSMAP,FALSE,NA,NA,rmap,blue
rmap_b33.130N,rmap_b33,570,F28,MS2,94722642,MAP ,ROSMAP,e33,0,0,NA,2,2,2,-0.23,26,84.65,18,0,1,3,4,0.11,3,13.03,0,0,0,NA,NA,NA,0.34,8.4,0,0,0,1100,0,Control,NA,NA,NA,16.63622976,13.31878688,12.18682423,16.20866131,16.85520619,-0.646544882,ROSMAP,FALSE,NA,GIS,rmap,blue
rmap_b33.130C,rmap_b33,571,F28,MS2,20665307,ROS ,ROSMAP,e33,0,0,NA,1,2,2,0.05,30,95.2,17,0,1,3,2,0.3,2,5.33,1.18,1.16,0,NA,NA,NA,0.16,2.11,0,0,0,1200,2,AsymAD,NA,NA,NA,16.96711123,13.19350972,13.88773956,16.13194522,16.95745027,-0.825505049,ROSMAP,FALSE,NA,NA,rmap,blue
rmap_b34.127N,rmap_b34,574,F29,MS2,20201891,ROS ,ROSMAP,e33,0,0,NA,2,2,2,-0.34,26,100.77,18,0,1,4,2,0.31,2,7.83,2.47,4.63,0,NA,NA,NA,0.26,9.91,0.08,0,0,1120,2,AsymAD,NA,NA,NA,16.83062903,13.30962092,14.46932618,16.18323259,16.86023425,-0.677001658,ROSMAP,FALSE,NA,NA,rmap,blue
rmap_b34.127C,rmap_b34,575,F29,MS2,20143248,ROS ,ROSMAP,e33,0,0,NA,2,2,2,-0.69,28,91.05,20,0,1,4,3,0.32,3,3.33,2.14,2.27,0,NA,NA,NA,0.49,4.14,0.02,1.83,2,1025,1,AsymAD,NA,NA,NA,16.73645579,13.3178974,13.61004429,16.12564948,16.85983133,-0.734181844,ROSMAP,FALSE,NA,NA,rmap,blue
rmap_b34.128N,rmap_b34,576,F29,MS2,31756046,MAP ,ROSMAP,e33,0,0,NA,2,2,2,0.13,30,80.47,16,0,1,3,4,0.04,3,4.37,0.06,0,0,NA,NA,NA,0.13,1.12,0.01,0.33,1,1300,0,Control,NA,NA,NA,16.73001471,13.25767968,12.13947604,16.1523116,16.84661158,-0.694299981,ROSMAP,FALSE,NA,GIS,rmap,blue
rmap_b34.128C,rmap_b34,577,F29,MS2,31728786,MAP ,ROSMAP,e23,0,-1,NA,1,2,2,0.44,27,80.72,15,1,1,4,4,0.02,3,8.5,0.73,1.89,2,NA,NA,NA,0.05,1.3,0.04,0,0,1280,0,Exclude,NA,NA,NA,16.65904565,13.31679483,12.30107822,16.09791392,16.80866412,-0.7107502,ROSMAP,NA,NA,NA,rmap,blue
rmap_b34.129N,rmap_b34,578,F29,MS2,50408077,MAP ,ROSMAP,e34,1,1,91.73,6,1,2,-1.81,20,91.78,16,1,1,4,2,1.38,2,6.5,16.56,22.47,3,170.16,1.42,0,0.5,4.54,0.02,0,0,1422,2,AD,NA,NA,NA,16.88865339,13.25572064,15.49785975,16.22568408,16.84778655,-0.622102462,ROSMAP,FALSE,NA,NA,rmap,blue
rmap_b34.129C,rmap_b34,579,F29,MS2,37178462,MAP ,ROSMAP,e33,0,0,NA,1,2,2,0,28,82.69,16,1,1,2,4,0.04,3,7.27,0,0,0,NA,NA,NA,0.13,1.22,0,0,0,1409,0,Control,NA,NA,NA,16.8774912,13.28977703,11.74531072,16.24466127,16.92383036,-0.679169084,ROSMAP,FALSE,NA,GIS,rmap,blue
rmap_b34.130N,rmap_b34,580,F29,MS2,20254588,ROS ,ROSMAP,e33,0,0,NA,1,2,2,0.13,30,86.09,18,0,1,5,1,1.08,1,12.92,12.2,16.55,0,NA,NA,NA,0.85,6.6,0,0,0,1179,3,AsymAD,NA,NA,NA,16.76416399,13.32889858,15.15114542,16.09969217,16.80571145,-0.706019286,ROSMAP,FALSE,NA,NA,rmap,blue
rmap_b34.130C,rmap_b34,581,F29,MS2,68725248,MAP ,ROSMAP,e34,1,1,95.39,5,9,9,-0.56,0,95.46,12,0,1,5,2,0.89,2,6.12,12.79,21.56,3,176.82,8.79,2,1.04,7.36,1.82,1.17,3,918,2,AD,NA,NA,NA,16.67393047,13.3404319,14.426854,16.01448772,16.71554041,-0.701052686,ROSMAP,FALSE,NA,NA,rmap,blue
rmap_b35.127N,rmap_b35,584,F30,MS2,18659212,MAP ,ROSMAP,e33,0,0,NA,2,2,2,-0.31,25,91.73,19,1,1,3,3,0.19,3,6.8,1.74,1.84,1,NA,NA,NA,0.14,3.19,0,0,0,1307,1,AsymAD,NA,NA,NA,16.72652903,13.33968735,12.89300363,16.13808308,16.80678525,-0.668702167,ROSMAP,FALSE,NA,NA,rmap,blue
rmap_b35.127C,rmap_b35,585,F30,MS2,15176592,ROS ,ROSMAP,e33,0,0,NA,1,2,2,0.24,29,84.21,18,1,1,4,1,0.5,2,6.25,1.39,2.11,0,NA,NA,NA,0.31,1.31,0,1.33,3,1250,3,AsymAD,NA,NA,NA,16.58210177,13.33060312,14.56173147,16.04231371,16.83431285,-0.791999142,ROSMAP,FALSE,NA,NA,rmap,blue
rmap_b35.128N,rmap_b35,586,F30,MS2,50301099,MAP ,ROSMAP,e33,0,0,NA,1,2,2,-0.23,28.93,95.63,12,1,1,4,4,0.14,3,9.83,0.06,0,0,NA,NA,NA,0.41,3.03,0.01,2.67,3,1060,0,Exclude,NA,NA,NA,16.9217907,13.26813458,13.28563797,16.17670955,16.87415709,-0.697447537,ROSMAP,NA,NA,NA,rmap,blue
rmap_b35.128C,rmap_b35,587,F30,MS2,20646778,ROS ,ROSMAP,e34,1,1,NA,2,2,2,-0.07,30,75.43,18,0,1,1,4,0.01,3,7.5,0.07,0,0,NA,NA,NA,0.02,0.84,0.05,0.5,1,1121,0,Control,NA,NA,NA,16.70456679,13.31142949,13.06839134,16.13312811,16.82042339,-0.687295277,ROSMAP,FALSE,NA,GIS,rmap,blue
rmap_b35.129N,rmap_b35,588,F30,MS2,55897318,MAP ,ROSMAP,e33,0,0,97.57,4,1,1,-1.47,16,98.53,14,0,1,4,2,0.8,2,7.35,18.64,29.69,2,198.3,4.61,1.08,0.93,4.16,0.01,0,0,1197,2,AD,NA,NA,NA,16.84901242,13.32037021,16.71570809,16.14208201,16.85347122,-0.711389207,ROSMAP,FALSE,NA,NA,rmap,blue
rmap_b35.129C,rmap_b35,589,F30,MS2,10459674,ROS ,ROSMAP,e23,0,-1,NA,1,2,2,-0.06,29,91.27,14,1,1,4,4,0.31,3,6.5,0.58,1.67,0,NA,NA,NA,0.94,3.42,0,0,0,1105,0,Exclude,NA,NA,NA,16.66160388,13.30884108,14.36721492,16.09403255,16.74189946,-0.647866904,ROSMAP,NA,NA,NA,rmap,blue
rmap_b35.130N,rmap_b35,590,F30,MS2,80790863,MAP ,ROSMAP,e33,0,0,NA,1,2,2,-0.09,30,80.44,21,0,1,3,4,0.05,3,4.92,1.34,6.06,3,NA,NA,NA,0.14,0.85,0,0.33,1,1087,0,Control,NA,NA,NA,16.77946814,13.2438098,13.67648629,16.11974874,16.85474814,-0.734999408,ROSMAP,FALSE,NA,GIS,rmap,blue
rmap_b35.130C,rmap_b35,591,F30,MS2,36492755,MAP ,ROSMAP,e33,0,0,NA,1,2,2,1.04,29,76.28,12,0,1,1,3,0.56,3,2.92,2.25,2.85,0,106.42,0.47,0,0.01,0.48,0,0.17,1,1320,1,Control,NA,NA,NA,16.79180331,13.28849653,15.81305985,16.18370738,16.8783414,-0.694634021,ROSMAP,FALSE,NA,GIS,rmap,blue
rmap_b36.127N,rmap_b36,594,F31,MS2,50106154,MAP ,ROSMAP,e33,0,0,NA,1,1,2,-0.28,21.82,101.21,11,0,1,3,2,0.8,2,9.5,22.94,30.81,2,161.03,2.62,0.66,0.12,1.34,0,0,0,1150,2,AD,NA,NA,NA,16.19429203,13.3978102,14.21112436,15.49771264,16.25343486,-0.755722216,ROSMAP,TRUE,PostRegression,NA,rmap,blue
rmap_b36.127C,rmap_b36,595,F31,MS2,20569910,ROS ,ROSMAP,e33,0,0,NA,2,2,2,0.42,30,83.75,16,0,1,2,4,0.03,3,6.75,0,0,0,NA,NA,NA,0.1,0.02,0.01,0,0,1100,0,Control,NA,NA,NA,16.68576009,13.46762219,11.85576621,16.08791224,16.79332072,-0.705408478,ROSMAP,FALSE,NA,GIS,rmap,blue
rmap_b36.128N,rmap_b36,596,F31,MS2,94092977,MAP ,ROSMAP,e24,1,0,82.64,4,2,2,0.15,7,82.71,19,1,1,3,1,1.06,2,5.72,3.89,6.6,3,NA,NA,NA,0.25,4.48,0.02,0,0,1250,3,AD,NA,NA,NA,16.85117754,13.30604294,13.89681692,16.17348525,16.83442664,-0.66094139,ROSMAP,FALSE,NA,NA,rmap,blue
rmap_b36.128C,rmap_b36,597,F31,MS2,39405962,MAP ,ROSMAP,e33,0,0,101.14,4,2,2,-0.99,20,101.58,13,0,1,4,1,0.84,2,8.55,8.07,11.18,0,NA,NA,NA,0.34,6.48,2.2,3.5,3,1011,3,AD,NA,NA,NA,16.53404894,13.26711543,14.056205,16.04570642,16.87277163,-0.827065214,ROSMAP,FALSE,NA,NA,rmap,blue
rmap_b36.129N,rmap_b36,598,F31,MS2,59150662,MAP ,ROSMAP,e33,0,0,NA,4,2,2,-1.25,21,92.83,16,0,1,4,2,0.3,2,9.58,3.35,5.78,3,NA,NA,NA,0.28,6.05,0,2,3,1096,2,AD,NA,NA,NA,16.81549207,13.31338806,14.25431799,16.14701522,16.86489542,-0.717880205,ROSMAP,FALSE,NA,NA,rmap,blue
rmap_b36.129C,rmap_b36,599,F31,MS2,10473384,ROS ,ROSMAP,e33,0,0,NA,1,2,2,-0.04,26,83.87,18,1,1,3,4,0.03,3,5.08,0.44,0.31,NA,NA,NA,NA,0.08,3.78,NA,0.17,1,1305,0,Control,NA,NA,NA,16.697752,13.35133689,11.99050829,16.12794641,16.75832565,-0.630379244,ROSMAP,FALSE,NA,GIS,rmap,blue
rmap_b36.130N,rmap_b36,600,F31,MS2,37065652,MAP ,ROSMAP,e33,0,0,NA,1,1,1,-0.59,27,77.16,13,0,1,3,2,0.67,2,5.5,5.6,7.76,0,193.85,8.14,2.43,0.13,1.63,0.06,0,0,1070,2,AsymAD,NA,NA,NA,16.83242938,13.2597147,14.09024958,16.15631374,16.84651226,-0.690198515,ROSMAP,FALSE,NA,NA,rmap,blue
rmap_b36.130C,rmap_b36,601,F31,MS2,20935218,ROS ,ROSMAP,e34,1,1,89.77,4,2,1,-3.9,1,93.57,16,0,1,3,4,0.14,3,2.33,0.19,0,3,NA,NA,NA,0.3,6.14,0.01,1.5,3,1020,0,Exclude,NA,NA,NA,16.91217513,13.25674408,11.57938838,16.16262817,16.87325692,-0.710628752,ROSMAP,NA,NA,NA,rmap,blue
rmap_b37.127N,rmap_b37,604,F32,MS2,54458919,MAP ,ROSMAP,e33,0,0,NA,1,1,2,0.28,30,90.18,12,0,1,3,3,0.08,3,5,2.75,7.08,0,190.11,1.97,0,0.07,2.96,0.02,1.33,3,1212,1,AsymAD,NA,NA,NA,16.73820466,13.3262029,13.23688057,16.1953416,16.82146278,-0.626121173,ROSMAP,FALSE,NA,NA,rmap,blue
rmap_b37.127C,rmap_b37,605,F32,MS2,82478522,MAP ,ROSMAP,e33,0,0,NA,1,2,2,0.35,28,97.77,14,1,1,4,1,0.5,2,7.25,6.82,15.19,0,307.85,16.83,4.09,0.25,4.31,0.18,0,0,1121,3,AsymAD,NA,NA,NA,16.83392586,13.25174863,14.5996061,16.14449312,16.80369732,-0.659204201,ROSMAP,FALSE,NA,NA,rmap,blue
rmap_b37.128N,rmap_b37,606,F32,MS2,20297791,ROS ,ROSMAP,e33,0,0,94.32,2,1,2,-1.16,23,97.55,12,0,1,4,2,1.11,2,10,2.28,1.37,0,NA,NA,NA,0.43,4.8,0.01,1.33,2,1250,2,AD,NA,NA,NA,16.72981216,13.2982571,14.46084234,16.13211865,16.82494912,-0.69283047,ROSMAP,FALSE,NA,NA,rmap,blue
rmap_b37.128C,rmap_b37,607,F32,MS2,66406040,MAP ,ROSMAP,e22,0,-2,NA,1,2,2,-0.02,28,85.91,16,1,1,3,4,0.1,3,6,0.18,1.46,0,192.49,19.25,5.6,0.29,0.77,0.01,0,0,1176,0,Control,NA,NA,NA,16.58139768,13.33558793,12.29805821,16.17720227,16.84285799,-0.665655719,ROSMAP,FALSE,NA,GIS,rmap,blue
rmap_b37.129N,rmap_b37,608,F32,MS2,20242958,ROS ,ROSMAP,e33,0,0,87.33,4,1,2,-1.26,18,87.85,20,0,1,5,2,1,2,4.22,5.47,9.34,0,NA,NA,NA,0.74,2.42,0.16,0.5,1,1115,2,AD,NA,NA,NA,16.85458934,13.22513043,15.35851166,16.2748677,16.90716552,-0.632297818,ROSMAP,FALSE,NA,NA,rmap,blue
rmap_b37.129C,rmap_b37,609,F32,MS2,21001357,ROS ,ROSMAP,e33,0,0,86.73,4,2,2,-2.75,15,88.39,16,0,1,1,2,0.08,3,15.7,0.91,0.66,0,NA,NA,NA,0.02,0.01,NA,3.17,3,1062,2,Exclude,NA,NA,NA,16.83138859,13.3304812,12.53905702,16.05696556,16.88009559,-0.823130032,ROSMAP,NA,NA,NA,rmap,blue
rmap_b37.130N,rmap_b37,610,F32,MS2,31291350,MAP ,ROSMAP,e33,0,0,84.73,4,2,2,-1.61,17,86.2,12,1,1,4,1,0.85,2,7.83,9.71,11.36,0,NA,NA,NA,0.7,3.73,0,0,0,1200,3,AD,NA,NA,NA,16.77120741,13.20506207,13.53948948,16.10262311,16.88964824,-0.787025124,ROSMAP,FALSE,NA,NA,rmap,blue
rmap_b37.130C,rmap_b37,611,F32,MS2,20504017,ROS ,ROSMAP,e34,1,1,NA,1,2,2,0.19,28,88.79,20,0,1,4,2,1.19,2,5.5,13.36,20.89,0,NA,NA,NA,0.44,6.99,0.06,0,0,963,2,AsymAD,NA,NA,NA,16.66792011,13.39345131,15.61103483,16.09000025,16.84174084,-0.751740591,ROSMAP,FALSE,NA,NA,rmap,blue
rmap_b38.127N,rmap_b38,614,F33,MS2,20248206,ROS ,ROSMAP,e33,0,0,95.59,4,1,2,-0.9,20,96.8,20,0,1,4,1,0.76,2,13.17,4.66,7.38,NA,NA,NA,NA,0.65,7.95,0,1.33,2,970,3,AD,NA,NA,NA,16.72702622,13.33447605,16.04881274,16.06169808,16.833865,-0.772166925,ROSMAP,FALSE,NA,NA,rmap,blue
rmap_b38.127C,rmap_b38,615,F33,MS2,20798913,ROS ,ROSMAP,e33,0,0,NA,6,2,2,-1.43,15,75.04,21,0,1,1,4,0.01,3,7.5,0.67,2.02,0,NA,NA,NA,0.04,1.32,0,0,0,1120,0,Exclude,NA,NA,NA,16.79989364,13.18737968,13.46411851,16.06692578,16.82926242,-0.762336633,ROSMAP,NA,NA,NA,rmap,blue
rmap_b38.128N,rmap_b38,616,F33,MS2,20237131,ROS ,ROSMAP,e33,0,0,NA,2,9,9,-0.44,27,78.73,26,0,1,0,4,0,4,13.58,0,0,0,NA,NA,NA,0,0.3,0,0,0,1100,0,Control,NA,NA,NA,16.964211,13.30329489,13.00127805,16.30097762,16.97255295,-0.671575334,ROSMAP,TRUE,PostRegression,GIS,rmap,blue
rmap_b38.128C,rmap_b38,617,F33,MS2,87779516,MAP ,ROSMAP,e33,0,0,NA,1,2,2,-0.54,28,91.92,15,0,1,3,4,0.1,3,5.33,0.04,0.3,0,106.02,4.75,1.43,0.23,5.55,0,0,0,930,0,Control,NA,NA,NA,16.46618812,13.28155518,13.05032206,16.10770008,16.79090273,-0.68320265,ROSMAP,FALSE,NA,GIS,rmap,blue
rmap_b38.129N,rmap_b38,618,F33,MS2,50410157,MAP ,ROSMAP,e33,0,0,NA,2,2,2,-1.76,22,94.45,12,1,1,1,2,0.11,3,7.08,1.18,7.48,0,295.93,25.35,2.33,0.02,0.39,0,0.33,2,1164,2,Exclude,NA,NA,NA,16.84160979,13.31312535,14.43501088,16.2434686,16.89323331,-0.649764711,ROSMAP,NA,NA,NA,rmap,blue
rmap_b38.129C,rmap_b38,619,F33,MS2,20270768,ROS ,ROSMAP,e23,0,-1,NA,1,2,2,0.21,28,93.15,16,0,1,4,2,0.39,2,4.33,1.12,1.23,0,NA,NA,NA,0.67,4.46,0.02,0,0,1096,2,AsymAD,NA,NA,NA,16.70611767,13.32691206,16.03639272,16.1393619,16.84787451,-0.708512615,ROSMAP,FALSE,NA,NA,rmap,blue
rmap_b38.130N,rmap_b38,620,F33,MS2,10288185,ROS ,ROSMAP,e33,0,0,NA,2,2,2,-0.63,24,76.88,15,1,1,2,4,0.07,3,3.25,0,0,0,NA,NA,NA,0.21,2.06,0.01,0,0,1300,0,Control,NA,NA,NA,16.77967377,13.27034204,13.61155206,16.19220615,16.85378961,-0.66158346,ROSMAP,FALSE,NA,GIS,rmap,blue
rmap_b38.130C,rmap_b38,621,F33,MS2,20376029,ROS ,ROSMAP,e34,1,1,91.32,5,1,2,-2.34,15,95.18,18,0,1,5,1,1.33,1,5,6.62,10.21,2,NA,NA,NA,1.1,13.89,2.07,1.83,3,1000,3,AD,NA,NA,NA,16.6420722,13.38320669,16.39901948,16.13998782,16.83867435,-0.698686531,ROSMAP,FALSE,NA,NA,rmap,blue
rmap_b39.127N,rmap_b39,624,F34,MS2,50109477,MAP ,ROSMAP,e34,1,1,NA,2,2,2,-0.49,21,89.37,16,1,1,4,1,1.03,2,4.42,10.59,14.92,NA,58.78,0.36,0,0.79,12.53,0.15,2.83,3,1210,3,AD,NA,NA,NA,16.7659009,13.40854439,16.61326851,16.13161455,16.80825341,-0.676638862,ROSMAP,FALSE,NA,NA,rmap,blue
rmap_b39.127C,rmap_b39,625,F34,MS2,36951779,MAP ,ROSMAP,e23,0,-1,82.55,6,1,1,-0.35,2,83.18,14,0,1,4,1,1.16,2,5.9,17.01,25.92,2,139.81,5.89,1.15,0.53,5.88,1.24,1.83,2,1080,3,AD,NA,NA,NA,16.89948117,13.20574241,16.7310613,16.14576988,16.83249656,-0.686726679,ROSMAP,FALSE,NA,NA,rmap,blue
rmap_b39.128N,rmap_b39,626,F34,MS2,5498462,MAP ,ROSMAP,e33,0,0,NA,1,2,2,0.2,27,92.17,14,1,1,3,4,0.15,3,4.92,0,0,0,159.93,0,0,0.41,2.9,0,0,0,1250,0,Control,NA,NA,NA,17.00013675,13.29097701,13.53638813,16.14932425,16.88076736,-0.731443117,ROSMAP,FALSE,NA,GIS,rmap,blue
rmap_b39.128C,rmap_b39,627,F34,MS2,52509923,MAP ,ROSMAP,e33,0,0,NA,1,2,2,0.1,26,84.16,16,0,1,3,3,0.09,3,4.4,0.43,1.32,0,NA,NA,NA,0.13,0.28,0.05,0,0,1056,1,AsymAD,NA,NA,NA,16.80879722,13.29332417,13.69236434,16.10972741,16.82821532,-0.71848791,ROSMAP,FALSE,NA,NA,rmap,blue
rmap_b39.129N,rmap_b39,628,F34,MS2,97882751,MAP ,ROSMAP,e33,0,0,NA,2,2,2,-1.06,25,99.61,16,1,1,4,4,0.09,3,5.25,0,0,0,NA,NA,NA,0.28,4.16,0,0,0,1170,0,Exclude,NA,NA,NA,16.75251826,13.32349445,12.88008377,16.17955061,16.85855331,-0.679002698,ROSMAP,NA,NA,NA,rmap,blue
rmap_b39.129C,rmap_b39,629,F34,MS2,40071481,MAP ,ROSMAP,e33,0,0,NA,1,2,2,-0.13,28,87.09,13,0,1,3,4,0.19,3,7.32,0,0,0,NA,NA,NA,0.58,4.91,0,0,0,1293,0,Control,NA,NA,NA,16.64795704,13.2167649,13.82543157,16.05703455,16.87549497,-0.818460426,ROSMAP,FALSE,NA,GIS,rmap,blue
rmap_b39.130N,rmap_b39,630,F34,MS2,10292311,ROS ,ROSMAP,e33,0,0,86.16,6,2,1,-0.47,26,89.63,20,1,1,3,4,0.03,3,7.25,0.02,0,0,NA,NA,NA,0.1,1.13,0,0,0,1220,0,Control,NA,NA,NA,16.64662446,13.32633724,14.10411032,16.07933767,16.80545083,-0.726113163,ROSMAP,FALSE,NA,GIS,rmap,blue
rmap_b39.130C,rmap_b39,631,F34,MS2,21000928,ROS ,ROSMAP,e23,0,-1,89.97,4,2,2,-0.97,24,94.97,16,0,1,5,1,1.08,1,7.7,8.7,10.3,3,NA,NA,NA,1.07,6.37,1.43,0,0,1200,3,AsymAD,NA,NA,NA,16.69498368,13.33194776,16.33768699,16.14533932,16.84888714,-0.703547822,ROSMAP,FALSE,NA,NA,rmap,blue
rmap_b40.127N,rmap_b40,634,F35,MS2,21175732,ROS ,ROSMAP,e33,0,0,84.3,4,1,2,-3.65,5,94.87,20,0,1,4,1,0.82,2,5.83,9.63,6.47,3,NA,NA,NA,0.34,8.07,0.25,2.33,3,1120,3,AD,NA,NA,NA,16.76467566,13.28222735,15.39332607,16.14386709,16.84613092,-0.702263833,ROSMAP,FALSE,NA,NA,rmap,blue
rmap_b40.127C,rmap_b40,635,F35,MS2,10488101,ROS ,ROSMAP,e33,0,0,99.35,4,2,2,-1.41,10,101.25,13,1,1,5,1,1.18,1,4.75,6.68,11.75,0,NA,NA,NA,1.46,28.44,6.08,0.83,1,1126,3,AD,NA,NA,NA,16.75014138,13.31473656,15.62975229,16.21623213,16.91140441,-0.695172278,ROSMAP,FALSE,NA,NA,rmap,blue
rmap_b40.128N,rmap_b40,636,F35,MS2,63818202,MAP ,ROSMAP,e23,0,-1,NA,1,2,2,0.51,30,84.66,14,0,1,3,4,0.03,3,11.5,1,2.76,0,NA,NA,NA,0.09,1.15,0,0,0,1300,0,Control,NA,NA,NA,16.65833383,13.32954689,13.57344851,16.07776052,16.81968596,-0.741925437,ROSMAP,FALSE,NA,GIS,rmap,blue
rmap_b40.128C,rmap_b40,637,F35,MS2,20534423,ROS ,ROSMAP,e23,0,-1,NA,1,2,2,-0.62,27,86.04,13,0,1,4,4,0.22,3,6.25,0.11,0.86,3,NA,NA,NA,0.66,3.8,0,0,0,1005,0,Exclude,NA,NA,NA,16.85764599,13.30875082,12.91803239,16.24481771,16.92242215,-0.677604433,ROSMAP,NA,NA,NA,rmap,blue
rmap_b40.129N,rmap_b40,638,F35,MS2,50108200,MAP ,ROSMAP,e23,0,-1,100.51,4,1,2,-3.05,8.28,101.58,13,0,1,4,2,0.53,2,5.83,2.64,5.18,0,NA,NA,NA,0.83,8.29,0.01,0.33,2,1035,2,AD,NA,NA,NA,16.58994088,13.32838528,12.92878914,16.03039425,16.76381475,-0.733420498,ROSMAP,FALSE,NA,NA,rmap,blue
rmap_b40.129C,rmap_b40,639,F35,MS2,17712202,MAP ,ROSMAP,e33,0,0,NA,1,2,2,-0.45,24,89.02,12,0,1,5,1,1.06,1,5.03,11.11,16.23,0,NA,NA,NA,0.95,7.85,0.01,0,0,1015,3,AsymAD,NA,NA,NA,16.80303713,13.27373175,15.6830574,16.12864847,16.83794493,-0.709296461,ROSMAP,FALSE,NA,NA,rmap,blue
rmap_b40.130N,rmap_b40,640,F35,MS2,51668135,MAP ,ROSMAP,e33,0,0,NA,1,2,2,0.63,30,72.72,22,1,1,1,3,0.09,3,12.43,0.13,0.88,0,NA,NA,NA,0.01,0.07,0,0,0,1390,1,Control,NA,NA,NA,16.83398399,13.3252005,12.59463367,16.14612298,16.92195896,-0.775835985,ROSMAP,FALSE,NA,GIS,rmap,blue
rmap_b40.130C,rmap_b40,641,F35,MS2,10203224,ROS ,ROSMAP,e33,0,0,NA,1,2,2,-0.33,30,83.25,12,1,1,0,2,0.39,3,7.25,1.77,2.49,3,NA,NA,NA,0,0.81,0,0,0,1425,2,Exclude,NA,NA,NA,16.63099007,13.24909712,14.39857748,16.02358051,16.76602023,-0.74243972,ROSMAP,NA,NA,NA,rmap,blue
rmap_b41.127N,rmap_b41,644,F36,MS2,50101811,MAP ,ROSMAP,e33,0,0,NA,1,2,2,0.55,30,89.04,18,0,1,2,3,0.2,3,7.17,0.76,2.01,0,107.22,1.45,0.36,0.03,1.86,0,0.33,1,1160,1,Control,NA,NA,NA,16.24966925,13.42883694,11.22028783,16.13740592,16.84357092,-0.706165003,ROSMAP,FALSE,NA,GIS,rmap,blue
rmap_b41.127C,rmap_b41,645,F36,MS2,45795112,MAP ,ROSMAP,e33,0,0,NA,1,2,2,-0.13,29,89.67,18,0,2,4,1,0.88,2,61.5,4.08,5.55,0,NA,NA,NA,0.63,4.01,0,0.83,1,1249,3,AsymAD,NA,NA,NA,16.64704966,13.44365251,14.2643396,16.07696341,16.88425337,-0.807289961,ROSMAP,FALSE,NA,NA,rmap,blue
rmap_b41.128N,rmap_b41,646,F36,MS2,50410021,MAP ,ROSMAP,e33,0,0,NA,1,2,2,0.48,28,94.36,18,0,1,4,1,0.73,2,7.67,4.23,7.94,0,NA,NA,NA,0.71,8.67,0.35,0.33,1,1105,3,AsymAD,NA,NA,NA,16.85026432,13.42095017,13.70235417,16.16850568,16.94011579,-0.771610112,ROSMAP,FALSE,NA,NA,rmap,blue
rmap_b41.128C,rmap_b41,647,F36,MS2,10686233,ROS ,ROSMAP,e33,0,0,94.98,4,2,2,-0.72,22,95.04,18,1,1,5,2,0.98,2,18.92,8.81,11.28,3,NA,NA,NA,1.08,7.16,0.1,1.83,3,1255,2,AD,NA,NA,NA,16.63964194,13.31351662,14.22864174,16.11706813,16.80869891,-0.691630783,ROSMAP,FALSE,NA,NA,rmap,blue
rmap_b41.129N,rmap_b41,648,F36,MS2,50107295,MAP ,ROSMAP,e33,0,0,NA,1,2,2,-0.65,27,95.39,12,1,1,4,2,0.54,2,5.83,11.96,16.64,0,NA,NA,NA,0.54,2.15,0.01,1,3,1195,2,AsymAD,NA,NA,NA,16.79542844,13.22949971,14.23475955,16.14076182,16.80526288,-0.664501053,ROSMAP,FALSE,NA,NA,rmap,blue
rmap_b41.129C,rmap_b41,649,F36,MS2,33657002,MAP ,ROSMAP,e33,0,0,NA,4,1,2,0.05,27,97.82,12,0,1,3,2,0.35,2,6.93,2.19,2.54,0,NA,NA,NA,0.16,2.14,0,0.83,3,1054,2,AsymAD,NA,NA,NA,16.78278837,13.31334655,12.72088964,16.03008531,16.86135343,-0.831268117,ROSMAP,FALSE,NA,NA,rmap,blue
rmap_b41.130N,rmap_b41,650,F36,MS2,21000478,ROS ,ROSMAP,e34,1,1,NA,1,2,1,0.55,30,79.27,18,0,1,4,4,0.11,3,8.9,1.31,2.68,0,NA,NA,NA,0.25,3.85,0.01,0,0,1296,0,Exclude,NA,NA,NA,16.73061919,13.22279394,12.57017809,16.15603892,16.7794605,-0.623421579,ROSMAP,NA,NA,NA,rmap,blue
rmap_b41.130C,rmap_b41,651,F36,MS2,89546375,MAP ,ROSMAP,e33,0,0,NA,2,2,2,-0.78,25,85.69,13,1,1,5,2,1.32,2,5.83,11.79,13.63,3,204.46,10.57,2.7,1.08,2.9,2.12,1.17,2,1444,2,AsymAD,NA,NA,NA,16.84151544,13.26650274,14.5365099,16.15126691,16.84050258,-0.68923567,ROSMAP,FALSE,NA,NA,rmap,blue
rmap_b42.127N,rmap_b42,654,F37,MS2,16068769,MAP ,ROSMAP,e34,1,1,NA,1,1,2,0.1,29,92.07,23,1,1,1,4,0.01,3,8.13,2.03,4.15,0,NA,NA,NA,0.02,1.5,0,0,0,1223,0,Control,NA,NA,NA,16.83215757,13.32399831,12.6387399,16.18632303,16.95499512,-0.768672096,ROSMAP,FALSE,NA,GIS,rmap,blue
rmap_b42.127C,rmap_b42,655,F37,MS2,50406633,MAP ,ROSMAP,e33,0,0,83.96,4,2,2,-1.53,10,85.69,16,0,1,4,1,1.25,2,3.5,10.23,13.21,3,NA,NA,NA,0.65,5.3,1.12,0.33,1,1097,3,AD,NA,NA,NA,16.68428667,13.16932497,14.21066997,16.03047555,16.79432572,-0.76385017,ROSMAP,FALSE,NA,NA,rmap,blue
rmap_b42.128N,rmap_b42,656,F37,MS2,50104710,MAP ,ROSMAP,e34,1,1,NA,1,2,2,0.3,30,83.24,12,0,1,1,1,0.81,2,6.95,7.29,13.1,0,58.28,2.56,0.83,0.03,0.43,0.05,0,0,1070,3,Exclude,NA,NA,NA,16.50937307,13.15808664,13.78289193,16.03041291,16.8122288,-0.781815891,ROSMAP,NA,NA,NA,rmap,blue
rmap_b42.128C,rmap_b42,657,F37,MS2,17615774,MAP ,ROSMAP,e33,0,0,NA,2,1,2,-1.03,24.83,101.61,12,0,1,5,1,0.93,1,8,11.54,12.08,0,202.06,9.44,2.94,0.91,6.34,0.09,0,0,971,3,AsymAD,NA,NA,NA,16.87344868,13.22745862,14.77563823,16.11017431,16.83030578,-0.720131463,ROSMAP,FALSE,NA,NA,rmap,blue
rmap_b42.129N,rmap_b42,658,F37,MS2,58006501,MAP ,ROSMAP,e33,0,0,NA,1,1,1,-0.37,28,95.38,14,1,1,2,4,0.02,3,20.68,0,0,2,NA,NA,NA,0.05,0.53,0,0,0,1397,0,Control,NA,NA,NA,16.73875642,13.32588328,12.18956627,16.05249847,16.79210537,-0.739606901,ROSMAP,FALSE,NA,GIS,rmap,blue
rmap_b42.129C,rmap_b42,659,F37,MS2,87208386,MAP ,ROSMAP,e33,0,0,93.98,2,2,2,-0.8,26,99.39,17,0,1,3,4,0.12,3,8.27,0.22,0,3,NA,NA,NA,0.18,3.52,0,0,0,1108,0,Control,NA,NA,NA,16.8614916,13.3004958,12.44614971,16.29273824,16.92183334,-0.629095096,ROSMAP,FALSE,NA,GIS,rmap,blue
rmap_b42.130N,rmap_b42,660,F37,MS2,90544686,MAP ,ROSMAP,e34,1,1,NA,1,2,2,0.46,28,92.33,12,0,1,4,2,0.64,2,5.67,9.82,12.39,0,NA,NA,NA,0.13,3.61,0.01,0,0,1119,2,AsymAD,NA,NA,NA,16.7500265,13.38653196,14.81401196,16.160543,16.8661927,-0.705649705,ROSMAP,FALSE,NA,NA,rmap,blue
rmap_b42.130C,rmap_b42,661,F37,MS2,50300246,MAP ,ROSMAP,e33,0,0,NA,2,2,2,-0.05,27,95.21,21,1,1,4,1,0.99,2,7.42,6.64,9.79,3,NA,NA,NA,0.54,4.73,0.11,0.67,1,1227,3,AsymAD,NA,NA,NA,16.76238124,13.36113995,14.92334927,16.1666014,16.85655718,-0.689955783,ROSMAP,FALSE,NA,NA,rmap,blue
rmap_b43.127N,rmap_b43,664,F38,MS2,84858308,MAP ,ROSMAP,e33,0,0,NA,2,1,2,-1.47,21,90.85,12,0,1,5,2,1.12,2,5.95,7.5,9.11,0,NA,NA,NA,1.17,12.97,0.68,3.17,3,1055,2,AD,NA,NA,NA,16.74473577,13.26167721,16.40703849,16.09707334,16.79070716,-0.693633824,ROSMAP,FALSE,NA,NA,rmap,blue
rmap_b43.127C,rmap_b43,665,F38,MS2,20380417,ROS ,ROSMAP,e34,1,1,91.04,4,1,2,-3.32,5,98.84,18,0,1,5,1,1.5,1,3.8,6.19,7.87,NA,NA,NA,NA,1.76,22.91,23.65,0,0,1012,3,AD,NA,NA,NA,16.22220588,14.30730676,14.26931534,15.77099912,16.46965524,-0.698656118,ROSMAP,TRUE,PostRegression,NA,rmap,blue
rmap_b43.128N,rmap_b43,666,F38,MS2,34726040,MAP ,ROSMAP,e23,0,-1,NA,1,2,2,0.88,28,72.83,16,1,1,1,4,0,3,4.67,0.38,1.12,0,NA,NA,NA,0.01,0.33,0,0,0,1150,0,Control,NA,NA,NA,16.8494971,13.30809915,13.12888871,16.16992639,16.85665101,-0.686724618,ROSMAP,FALSE,NA,GIS,rmap,blue
rmap_b43.128C,rmap_b43,667,F38,MS2,41773404,MAP ,ROSMAP,e34,1,1,NA,2,2,2,-0.06,28,92.44,16,0,1,2,3,0.32,3,7.15,1.86,1.78,0,NA,NA,NA,0.08,1.47,0,0,0,1184,1,Control,NA,NA,NA,16.56382569,13.31331167,14.12286937,16.01033196,16.78930654,-0.778974583,ROSMAP,FALSE,NA,GIS,rmap,blue
rmap_b43.129N,rmap_b43,668,F38,MS2,70917649,MAP ,ROSMAP,e33,0,0,NA,1,1,2,0.14,28,91.55,12,0,1,3,4,0.03,3,6.25,0,0,0,160.77,0.96,0,0.08,3.27,0,0,0,1139,0,Control,NA,NA,NA,16.78732507,13.35993044,13.88955383,16.17064323,16.92187601,-0.751232786,ROSMAP,FALSE,NA,GIS,rmap,blue
rmap_b43.129C,rmap_b43,669,F38,MS2,2525608,MAP ,ROSMAP,e33,0,0,NA,1,2,2,0.37,26,101.19,14,0,1,3,4,0.08,3,4.83,0,0,0,121.96,1.18,0.12,0.23,1.24,0.01,0,0,1042,0,Control,NA,NA,NA,16.69756256,13.23658464,12.77229975,16.14359864,16.83170885,-0.688110205,ROSMAP,FALSE,NA,GIS,rmap,blue
rmap_b43.130N,rmap_b43,670,F38,MS2,20205705,ROS ,ROSMAP,e33,0,0,NA,1,2,2,0.49,29,79.63,19,0,1,3,2,0.31,2,29.58,1.05,1.8,0,NA,NA,NA,0.06,0.31,0,0,0,1370,2,AsymAD,NA,NA,NA,16.80323193,13.24699635,13.33956984,16.13158294,16.89741623,-0.76583329,ROSMAP,FALSE,NA,NA,rmap,blue
rmap_b43.130C,rmap_b43,671,F38,MS2,53772202,MAP ,ROSMAP,e33,0,0,NA,1,2,2,0.49,29,86.2,16,0,1,1,4,0.61,3,6.58,3.84,2.86,0,206.21,25.98,11.18,0.03,0.57,0.02,0,0,1285,0,Control,NA,NA,NA,16.76789769,13.32693781,15.62209429,16.20254639,16.91740155,-0.714855165,ROSMAP,FALSE,NA,GIS,rmap,blue
rmap_b44.127N,rmap_b44,674,F39,MS2,75675336,MAP ,ROSMAP,e33,0,0,NA,1,2,2,0.16,28,92.08,14,0,1,4,1,0.99,2,6.63,5.74,7.78,2,NA,NA,NA,0.62,9.59,0,2.83,3,1393,3,AsymAD,NA,NA,NA,16.77310578,13.38217019,13.99534622,16.12295793,16.80947579,-0.68651786,ROSMAP,FALSE,NA,NA,rmap,blue
rmap_b44.127C,rmap_b44,675,F39,MS2,21135680,ROS ,ROSMAP,e33,0,0,90.91,4,1,2,-3.58,5,95.37,21,0,1,4,1,0.73,2,23.92,14.7,27,1,NA,NA,NA,0.53,4.21,0.58,2.33,3,1010,3,AD,NA,NA,NA,16.42097678,13.33602025,14.44602093,16.04734479,16.695878,-0.648533208,ROSMAP,FALSE,NA,NA,rmap,blue
rmap_b44.128N,rmap_b44,676,F39,MS2,67628490,MAP ,ROSMAP,e33,0,0,NA,1,1,2,-0.03,30,79.89,12,0,1,3,3,0.43,3,14.77,6.05,5.87,0,213.55,9.95,3.13,0.1,0.76,0,0,0,1206,1,AsymAD,NA,NA,NA,16.7402322,13.273737,12.28808427,16.0738654,16.81601665,-0.742151252,ROSMAP,FALSE,NA,NA,rmap,blue
rmap_b44.128C,rmap_b44,677,F39,MS2,69577198,MAP ,ROSMAP,e33,0,0,85.45,4,1,2,-2.99,4,91.76,12,0,1,5,1,1.12,1,8.45,8.64,14.9,3,NA,NA,NA,0.85,7.92,2.07,0,0,1039,3,AD,NA,NA,NA,16.50958729,13.18555195,13.64162835,15.84866419,16.71478144,-0.866117247,ROSMAP,FALSE,NA,NA,rmap,blue
rmap_b44.129N,rmap_b44,678,F39,MS2,54324848,MAP ,ROSMAP,e33,0,0,NA,2,2,2,-0.39,30,88.52,18,0,1,5,2,1.21,2,8.75,17.95,20.26,0,NA,NA,NA,1.23,14.5,4.18,0.33,1,1040,2,AsymAD,NA,NA,NA,16.85193995,13.28925643,14.42088045,16.15031432,16.86650512,-0.7161908,ROSMAP,FALSE,NA,NA,rmap,blue
rmap_b44.129C,rmap_b44,679,F39,MS2,50108048,MAP ,ROSMAP,e33,0,0,89.92,4,2,2,-2.53,0,95.91,12,0,1,5,1,0.63,1,7,12.8,18.89,0,NA,NA,NA,0.62,11.74,0.01,0.5,2,955,3,AD,NA,NA,NA,16.77912953,13.44285721,13.72153642,16.23608227,16.93625728,-0.700175015,ROSMAP,FALSE,NA,NA,rmap,blue
rmap_b44.130N,rmap_b44,680,F39,MS2,81852640,MAP ,ROSMAP,e23,0,-1,89.8,4,1,2,-3.11,10,92.45,17,0,1,3,1,0.96,2,4.33,4.33,5.64,0,231.94,19.61,4.7,0.28,6.41,0.17,0,0,1150,3,AD,NA,NA,NA,16.90959444,13.40943477,13.92638146,16.23865925,16.88415659,-0.645497337,ROSMAP,FALSE,NA,NA,rmap,blue
rmap_b44.130C,rmap_b44,681,F39,MS2,33501827,MAP ,ROSMAP,e24,1,0,84.65,4,1,2,-1.97,15,87.13,16,1,1,5,1,1.77,1,9.5,15.61,23.18,0,280.65,12.7,2.23,2.51,10.77,7.22,0,0,1172,3,AD,NA,NA,NA,16.604485,13.28170868,14.35647051,16.73327531,16.98723125,-0.253955942,ROSMAP,FALSE,NA,NA,rmap,blue
rmap_b45.127N,rmap_b45,684,F40,MS2,20380831,ROS ,ROSMAP,e23,0,-1,89.6,4,2,2,-1.01,22,93.61,18,0,1,4,1,1.29,2,6,7.61,9.88,0,NA,NA,NA,0.42,6.19,0.05,0.33,1,1125,3,AD,NA,NA,NA,16.85821858,13.14522648,16.99238642,16.123599,16.82399522,-0.700396226,ROSMAP,FALSE,NA,NA,rmap,blue
rmap_b45.127C,rmap_b45,685,F40,MS2,68015667,MAP ,ROSMAP,e34,1,1,NA,6,2,1,-1.41,18,85.9,16,1,1,3,2,0.22,2,6,1.28,1.26,2,109.35,1.83,0.2,0.26,0.5,0,0.17,1,1200,2,AD,NA,NA,NA,16.64383225,13.00530329,15.69739758,16.06531345,16.80656076,-0.741247314,ROSMAP,TRUE,PostRegression,NA,rmap,blue
rmap_b45.128N,rmap_b45,686,F40,MS2,23004922,MAP ,ROSMAP,e33,0,0,NA,2,2,2,-0.48,26,87.16,14,1,1,4,2,0.56,2,6,2.05,3.67,0,245.91,19.27,4.33,1.31,8.75,0.09,0.83,1,1270,2,AsymAD,NA,NA,NA,16.91214218,13.3192745,14.34641324,16.12637825,16.84517276,-0.718794512,ROSMAP,FALSE,NA,NA,rmap,blue
rmap_b45.128C,rmap_b45,687,F40,MS2,37452211,MAP ,ROSMAP,e33,0,0,94.16,4,2,2,-1.33,22,94.25,12,1,1,4,4,0.13,3,9.38,0,0,0,NA,NA,NA,0.38,1.19,0.02,0,0,1100,0,Exclude,NA,NA,NA,16.76328405,13.3024952,13.59493396,16.09438908,16.83940958,-0.745020496,ROSMAP,NA,NA,NA,rmap,blue
rmap_b45.129N,rmap_b45,688,F40,MS2,34748028,MAP ,ROSMAP,e23,0,-1,NA,1,2,2,0.24,29,75.97,13,0,2,1,4,0.59,3,10.05,0,NA,0,NA,NA,NA,0.03,0.07,NA,0,0,1078,0,Control,NA,NA,NA,16.19109901,13.34414711,12.24050089,16.15430133,16.85678377,-0.702482436,ROSMAP,FALSE,NA,GIS,rmap,blue
rmap_b45.129C,rmap_b45,689,F40,MS2,21151608,ROS ,ROSMAP,e33,0,0,NA,1,2,2,0.51,29,85.89,18,0,1,4,1,0.88,2,11.5,11.05,16.88,2,NA,NA,NA,0.31,5.93,0,0,0,1290,3,AsymAD,NA,NA,NA,16.75639416,13.30243351,17.01958828,16.14839088,16.82595625,-0.677565369,ROSMAP,FALSE,NA,NA,rmap,blue
rmap_b45.130N,rmap_b45,690,F40,MS2,41285665,MAP ,ROSMAP,e33,0,0,NA,1,2,2,0.31,28,91.34,18,0,1,3,4,0.1,3,5.92,0.12,0,3,NA,NA,NA,0.29,5.36,0,0,0,1154,0,Control,NA,NA,NA,16.97873493,13.36757665,13.33529723,16.28076098,16.91808791,-0.63732693,ROSMAP,FALSE,NA,GIS,rmap,blue
rmap_b45.130C,rmap_b45,691,F40,MS2,61029627,MAP ,ROSMAP,e33,0,0,NA,1,2,2,0.44,30,88.51,16,0,1,3,3,0.06,3,9.03,0.07,0.27,0,264.3,17.5,2.21,0.09,0.45,0,1.5,2,1150,1,AsymAD,NA,NA,NA,16.60695523,13.33566894,12.76115783,16.22584645,16.89172307,-0.665876628,ROSMAP,FALSE,NA,NA,rmap,blue
rmap_b46.127N,rmap_b46,694,F41,MS2,50406183,MAP ,ROSMAP,e34,1,1,NA,2,2,2,-0.79,25,97.65,16,0,1,4,1,1.28,2,7,11.45,18.03,0,NA,NA,NA,0.74,7.56,0,0,0,1053,3,AsymAD,NA,NA,NA,16.73479446,13.24507941,14.73858533,16.16916593,16.86848278,-0.699316844,ROSMAP,FALSE,NA,NA,rmap,blue
rmap_b46.127C,rmap_b46,695,F41,MS2,4576591,MAP ,ROSMAP,e23,0,-1,93.78,4,2,2,-0.66,18,94.44,12,0,1,3,2,0.34,2,4.92,5.5,7.15,0,236.96,7.11,1.69,0.05,2.06,0.1,0.33,1,970,2,AD,NA,NA,NA,16.81821895,13.37458824,13.4781533,16.22788588,16.83084104,-0.602955156,ROSMAP,FALSE,NA,NA,rmap,blue
rmap_b46.128N,rmap_b46,696,F41,MS2,42589954,MAP ,ROSMAP,e44,2,2,NA,1,1,2,-0.38,28,65.91,14,0,2,1,1,0.56,2,21.33,8.28,7.34,0,115.57,0.81,0.27,0.02,0.16,0,0,0,1111,3,Exclude,NA,NA,NA,16.35414876,13.3792632,13.63429456,16.1568191,16.83437565,-0.677556543,ROSMAP,NA,NA,NA,rmap,blue
rmap_b46.128C,rmap_b46,697,F41,MS2,35286551,MAP ,ROSMAP,e33,0,0,NA,2,1,2,-1.42,26,90.91,12,0,1,4,1,1.1,2,11.75,12.53,20.26,NA,205.2,23.02,7.53,0.36,4.26,0.15,0,0,1050,3,AsymAD,NA,NA,NA,16.78046728,13.39430307,13.91852274,15.97284716,16.74810964,-0.775262477,ROSMAP,FALSE,NA,NA,rmap,blue
rmap_b46.129N,rmap_b46,698,F41,MS2,60269051,ROS ,ROSMAP,e33,0,0,NA,2,1,2,-0.58,24,89.18,18,0,1,4,2,0.35,2,6.67,3.55,6.52,0,NA,NA,NA,0.16,0.93,0,0,0,1125,2,AsymAD,NA,NA,NA,16.78000264,13.0975125,13.7062345,16.18958342,16.85849139,-0.668907972,ROSMAP,FALSE,NA,NA,rmap,blue
rmap_b46.129C,rmap_b46,699,F41,MS2,62176713,MAP ,ROSMAP,e23,0,-1,NA,2,2,2,-0.69,29,78.74,12,0,1,2,2,0.56,3,15.67,5.11,2.09,0,255.32,23.28,5.4,0.11,0.81,0.01,0,0,1240,2,Exclude,NA,NA,NA,16.6193233,13.10769379,14.20632777,16.08768804,16.86352929,-0.775841249,ROSMAP,NA,NA,NA,rmap,blue
rmap_b46.130N,rmap_b46,700,F41,MS2,50410319,MAP ,ROSMAP,e34,1,1,81.64,4,2,2,-1.24,1,84.85,18,1,1,5,1,1.56,1,3.92,4.62,6.43,3,38.88,0,0,1.36,16.05,0.42,0.17,1,1210,3,AD,NA,NA,NA,16.30234462,12.97279489,14.04928867,16.01071454,16.73912611,-0.728411569,ROSMAP,FALSE,NA,NA,rmap,blue
rmap_b46.130C,rmap_b46,701,F41,MS2,15103261,ROS ,ROSMAP,e34,1,1,90.76,5,1,2,-1.19,0,93.14,18,1,1,4,2,0.76,2,6.87,9.77,15.41,3,NA,NA,NA,0.2,3.04,0.03,0.83,1,1242,2,AD,NA,NA,NA,16.7931052,13.37335139,14.87704013,16.11348464,16.84738456,-0.733899926,ROSMAP,FALSE,NA,NA,rmap,blue
rmap_b47.127N,rmap_b47,704,F42,MS2,20557128,ROS ,ROSMAP,e34,1,1,NA,1,2,1,-0.21,29,82.79,18,0,1,5,2,1.04,2,12.97,3.46,4.84,0,NA,NA,NA,0.89,1.2,0.24,0,0,1420,2,AsymAD,NA,NA,NA,16.51618896,13.37544722,14.8724106,16.09213553,16.79129557,-0.699160041,ROSMAP,FALSE,NA,NA,rmap,blue
rmap_b47.127C,rmap_b47,705,F42,MS2,15179365,ROS ,ROSMAP,e34,1,1,78.49,4,1,2,-0.96,17,83.64,20,1,1,3,1,0.43,2,3,2.57,5.85,0,NA,NA,NA,0.21,3.66,0.05,0.17,NA,1170,3,AD,NA,NA,NA,16.77138695,13.29762396,14.31149186,16.02293198,16.78237619,-0.759444209,ROSMAP,FALSE,NA,NA,rmap,blue
rmap_b47.128N,rmap_b47,706,F42,MS2,9650662,MAP ,ROSMAP,e23,0,-1,106.45,4,2,2,-0.41,0,106.5,15,0,1,3,2,0.19,2,3.85,3.84,3.84,0,NA,NA,NA,0.27,3.42,0,0.17,1,952,2,AD,NA,NA,NA,16.90860092,13.3349663,13.65008104,16.25145048,16.83075252,-0.579302042,ROSMAP,FALSE,NA,NA,rmap,blue
rmap_b47.128C,rmap_b47,707,F42,MS2,10606903,ROS ,ROSMAP,e34,1,1,NA,1,2,2,-0.21,23,80.21,21,1,1,3,2,0.49,2,26.5,2.67,3.32,0,NA,NA,NA,0.26,1.08,0,0,0,1350,2,AD,NA,NA,NA,16.74107054,13.23638769,13.82969945,16.03088866,16.85735269,-0.826464027,ROSMAP,FALSE,NA,NA,rmap,blue
rmap_b47.129N,rmap_b47,708,F42,MS2,10284019,ROS ,ROSMAP,e34,1,1,NA,2,2,2,-0.94,26,89.78,12,1,1,4,1,1.03,2,20.88,12.33,18.04,0,NA,NA,NA,0.29,5.4,0,0,0,1300,3,AsymAD,NA,NA,NA,17.10635251,13.27809493,14.42699028,16.16894999,16.89778715,-0.728837162,ROSMAP,FALSE,NA,NA,rmap,blue
rmap_b47.129C,rmap_b47,709,F42,MS2,3430444,MAP ,ROSMAP,e23,0,-1,NA,6,1,2,-0.91,17,84.91,13,0,1,3,1,0.96,2,14.75,11.2,13.57,0,265.61,13.55,3.15,0.43,1.29,0,0,0,1209,3,AD,NA,NA,NA,16.54717827,13.27492264,14.49336219,16.04363259,16.77401507,-0.730382478,ROSMAP,FALSE,NA,NA,rmap,blue
rmap_b47.130N,rmap_b47,710,F42,MS2,77239958,MAP ,ROSMAP,e33,0,0,NA,1,2,2,-0.34,28,85.02,13,1,1,2,3,0.05,3,5.67,0,0,0,230.04,5.32,1.12,0.06,0.78,0,0.17,1,1316,1,Control,NA,NA,NA,17.14573469,13.31765485,12.38167714,16.37060985,16.96416228,-0.593552433,ROSMAP,FALSE,NA,GIS,rmap,blue
rmap_b47.130C,rmap_b47,711,F42,MS2,10866165,ROS ,ROSMAP,e33,0,0,88.93,5,1,2,-2.13,12.69,89.12,28,1,1,1,4,0.01,3,10.83,0,0,0,NA,NA,NA,0.03,0.88,0,0,0,1160,0,Exclude,NA,NA,NA,16.60849164,13.32144182,11.91033754,16.196675,16.86018998,-0.663514982,ROSMAP,NA,NA,NA,rmap,blue
rmap_b48.127N,rmap_b48,714,F43,MS2,20207013,ROS ,ROSMAP,e23,0,-1,NA,1,2,1,1.21,27,96.02,23,0,1,1,4,0.02,3,4.17,0,0,0,NA,NA,NA,0.03,0.35,0,1,3,1190,0,Control,NA,NA,NA,16.84507409,13.47267974,11.37115379,16.16278494,16.8621225,-0.699337559,ROSMAP,FALSE,NA,GIS,rmap,blue
rmap_b48.127C,rmap_b48,715,F43,MS2,20933324,ROS ,ROSMAP,e33,0,0,93.55,4,2,2,-0.89,18.21,93.8,18,0,1,4,2,0.7,2,18.75,2.82,3.65,0,NA,NA,NA,0.58,3.47,0.03,0,0,1100,2,AD,NA,NA,NA,16.667478,13.29057402,14.07631399,16.08607223,16.90240816,-0.816335922,ROSMAP,FALSE,NA,NA,rmap,blue
rmap_b48.128N,rmap_b48,716,F43,MS2,10510090,ROS ,ROSMAP,e33,0,0,NA,2,2,2,0.27,23,91.88,25,1,1,3,4,0.06,3,5.02,0,0,0,NA,NA,NA,0.15,0.09,0,0,0,1308,0,Exclude,NA,NA,NA,16.75201232,13.3058435,12.59769304,16.13148028,16.75793957,-0.626459292,ROSMAP,NA,NA,NA,rmap,blue
rmap_b48.128C,rmap_b48,717,F43,MS2,23791808,MAP ,ROSMAP,e33,0,0,88.51,4,1,2,-1.66,15,92.12,12,0,1,5,2,0.72,2,14.17,6.35,7.95,0,NA,NA,NA,0.8,7.14,0.09,0,0,950,2,AD,NA,NA,NA,16.62087033,13.29118283,14.16862565,16.01409809,16.8208488,-0.806750708,ROSMAP,FALSE,NA,NA,rmap,blue
rmap_b48.129N,rmap_b48,718,F43,MS2,68914513,MAP ,ROSMAP,e33,0,0,NA,1,1,2,0.17,26,84.48,15,0,1,3,3,0.11,3,10.28,2.19,2.34,2,NA,NA,NA,0.13,3.11,0,0,0,1043,1,AsymAD,NA,NA,NA,16.7661129,13.33441562,11.59898998,16.15721342,16.77165092,-0.614437501,ROSMAP,FALSE,NA,NA,rmap,blue
rmap_b48.129C,rmap_b48,719,F43,MS2,24747976,MAP ,ROSMAP,e33,0,0,NA,2,2,2,-0.43,26,91.85,12,0,1,5,2,1.51,2,21.75,13.52,17.31,0,NA,NA,NA,1.09,6,0.03,0.17,1,1128,2,AsymAD,NA,NA,NA,16.59839461,13.24522768,14.47709985,16.1500308,16.77000954,-0.619978735,ROSMAP,FALSE,NA,NA,rmap,blue
rmap_b48.130N,rmap_b48,720,F43,MS2,83034844,MAP ,ROSMAP,e34,1,1,NA,1,2,2,0.31,30,78.44,15,0,1,3,2,0.49,2,7.45,8.34,10.61,0,NA,NA,NA,0.1,0.89,0,0,0,1500,2,AsymAD,NA,NA,NA,16.77150702,13.35729661,13.99650378,16.21265712,16.87129315,-0.65863603,ROSMAP,FALSE,NA,NA,rmap,blue
rmap_b48.130C,rmap_b48,721,F43,MS2,50408239,MAP ,ROSMAP,e33,0,0,NA,1,2,2,0.56,28,87.98,16,0,1,2,2,0.39,3,8.05,4.66,4.16,0,248.92,32.72,6.95,0.13,1.26,0,1.33,2,1130,2,Exclude,NA,NA,NA,16.78783921,13.31767347,14.15196708,16.06703886,16.86997581,-0.802936947,ROSMAP,NA,NA,NA,rmap,blue
rmap_b49.127N,rmap_b49,724,F44,MS2,98953007,MAP ,ROSMAP,e34,1,1,79.2,4,1,2,-1.59,21,80.03,12,0,1,4,2,0.88,2,6,10.16,12.42,0,NA,NA,NA,0.55,4.81,0.03,0.5,1,1149,2,AD,NA,NA,NA,17.03348189,13.36207153,14.4287443,16.27737843,17.02743515,-0.750056716,ROSMAP,FALSE,NA,NA,rmap,blue
rmap_b49.127C,rmap_b49,725,F44,MS2,20149910,ROS ,ROSMAP,e23,0,-1,NA,1,2,2,-0.36,27,92.79,18,0,1,4,4,0.38,3,3.25,0,0,0,NA,NA,NA,0.94,7.35,0,0.5,1,1080,0,Exclude,NA,NA,NA,16.87370607,13.20433519,12.25705898,16.1494206,16.89419878,-0.74477818,ROSMAP,NA,NA,NA,rmap,blue
rmap_b49.128N,rmap_b49,726,F44,MS2,20584923,ROS ,ROSMAP,e33,0,0,NA,1,2,2,-0.04,29,94.23,13,0,1,3,2,0.53,2,3.5,6.04,11.57,0,NA,NA,NA,0.3,4.86,0.11,0,0,1000,2,AsymAD,NA,NA,NA,16.72814307,13.31063049,14.0543031,16.08003245,16.77529963,-0.69526718,ROSMAP,FALSE,NA,NA,rmap,blue
rmap_b49.128C,rmap_b49,727,F44,MS2,50403446,MAP ,ROSMAP,e33,0,0,85.38,4,1,2,-2.89,1,89.31,12,0,1,5,1,1.83,1,6.75,5.18,6.82,0,171.6,11.44,2.56,0.8,18.78,1.84,0.67,2,1350,3,AD,NA,NA,NA,16.76833191,13.22450282,13.86992547,16.16026409,16.77352474,-0.613260642,ROSMAP,FALSE,NA,NA,rmap,blue
rmap_b49.129N,rmap_b49,728,F44,MS2,77868579,MAP ,ROSMAP,e23,0,-1,99.14,2,2,2,-1.36,20,100,14,0,1,5,2,1.09,2,18.83,8.42,11.26,0,NA,NA,NA,1.41,15.65,3.05,0.83,1,1430,2,AD,NA,NA,NA,16.77788649,13.37543091,14.024754,16.20762303,16.926041,-0.718417965,ROSMAP,FALSE,NA,NA,rmap,blue
rmap_b49.129C,rmap_b49,729,F44,MS2,26277427,MAP ,ROSMAP,e23,0,-1,NA,2,2,2,-0.27,26,93.56,21,1,1,1,2,0.84,3,6.17,7.14,11.15,0,NA,NA,NA,0.03,0.8,0.02,0,0,1168,2,Exclude,NA,NA,NA,16.73799146,13.33880227,13.88344796,16.10744889,16.82784432,-0.720395434,ROSMAP,NA,NA,NA,rmap,blue
rmap_b49.130N,rmap_b49,730,F44,MS2,21406218,ROS ,ROSMAP,e33,0,0,88.63,2,2,2,-0.46,24,90.67,20,0,1,3,4,0.09,3,4.55,0.52,1.03,0,NA,NA,NA,0.25,1.54,0,0,0,1010,0,Control,NA,NA,NA,16.70684945,13.31163777,11.52802155,16.11904524,16.85095222,-0.73190698,ROSMAP,FALSE,NA,GIS,rmap,blue
rmap_b49.130C,rmap_b49,731,F44,MS2,20501668,ROS ,ROSMAP,e34,1,1,87.29,4,1,2,-2.6,6,97.71,18,0,1,5,1,1.24,1,3.83,2.7,3.35,2,NA,NA,NA,0.7,14.8,4.8,1.67,2,900,3,AD,NA,NA,NA,16.45134363,13.30956769,14.48900429,16.06740237,16.73970469,-0.672302315,ROSMAP,FALSE,NA,NA,rmap,blue
rmap_b50.127N,rmap_b50,734,F45,MS2,15141429,ROS ,ROSMAP,e33,0,0,84.84,4,2,2,-1.76,4,87.1,20,1,1,3,3,0.09,3,7.65,1.05,3.36,0,NA,NA,NA,0.15,2.13,0.13,0,0,1225,1,Exclude,NA,NA,NA,16.76608588,13.39842648,13.32938057,16.27669988,16.85439584,-0.577695958,ROSMAP,NA,NA,NA,rmap,blue
rmap_b50.127C,rmap_b50,735,F45,MS2,50106442,MAP ,ROSMAP,e33,0,0,85.07,4,2,2,-3.59,3,87.95,21,0,1,5,2,1.11,2,7.22,8.18,11.14,3,NA,NA,NA,1.49,12.02,11.41,1,3,1038,2,AD,NA,NA,NA,16.75280559,13.22806166,14.64873184,16.10717237,16.72009951,-0.612927138,ROSMAP,FALSE,NA,NA,rmap,blue
rmap_b50.128N,rmap_b50,736,F45,MS2,85508351,MAP ,ROSMAP,e33,0,0,NA,1,2,2,0.85,29,84.9,20,1,1,3,4,0.09,3,9.67,0.31,0,0,NA,NA,NA,0.27,2.41,0,0,0,1320,0,Control,NA,NA,NA,16.92967335,13.39710704,14.02454103,16.30856937,16.93032081,-0.621751439,ROSMAP,FALSE,NA,GIS,rmap,blue
rmap_b50.128C,rmap_b50,737,F45,MS2,30755009,MAP ,ROSMAP,e22,0,-2,NA,1,2,2,0.5,26.67,88.4,12,0,1,3,4,0.15,3,5.5,0.01,0,0,NA,NA,NA,0.44,1.86,0,0,0,1120,0,Control,NA,NA,NA,16.48429858,13.06665975,14.1701323,15.89831556,16.76161774,-0.863302186,ROSMAP,FALSE,NA,GIS,rmap,blue
rmap_b50.129N,rmap_b50,738,F45,MS2,87038802,MAP ,ROSMAP,e23,0,-1,NA,1,2,2,0.07,28,91.11,15,0,1,4,3,0.26,3,5.23,0.67,1.88,0,140.93,4.18,0.28,0.63,4.56,0,0.17,1,1093,1,AsymAD,NA,NA,NA,16.93252396,13.26769275,13.92677872,16.21057227,16.8431398,-0.63256753,ROSMAP,FALSE,NA,NA,rmap,blue
rmap_b50.129C,rmap_b50,739,F45,MS2,51520126,MAP ,ROSMAP,e33,0,0,NA,1,2,2,0.28,29,80.89,12,1,1,3,4,0.14,3,10.9,0,0,0,NA,NA,NA,0.42,4.33,0,0,0,1201,0,Control,NA,NA,NA,16.72942034,13.32981794,12.22646581,16.16517131,16.83930192,-0.674130609,ROSMAP,FALSE,NA,GIS,rmap,blue
rmap_b50.130N,rmap_b50,740,F45,MS2,51791453,MAP ,ROSMAP,e34,1,1,NA,2,2,2,0.01,28,86.53,16,0,1,4,2,0.38,2,5.7,3.72,7.84,0,NA,NA,NA,0.52,4.37,0,1.33,3,1135,2,AsymAD,NA,NA,NA,16.84401136,13.34343208,13.9901146,16.10297934,16.88294004,-0.779960698,ROSMAP,FALSE,NA,NA,rmap,blue
rmap_b50.130C,rmap_b50,741,F45,MS2,86420222,MAP ,ROSMAP,e34,1,1,NA,1,2,2,-0.18,29,88.89,16,1,1,3,2,0.85,2,10.2,13.29,23.48,0,NA,NA,NA,0.15,4.52,0.03,0,0,1398,2,AsymAD,NA,NA,NA,16.63303811,13.29247929,15.0863885,16.10414668,16.82802263,-0.723875945,ROSMAP,FALSE,NA,NA,rmap,blue
